{
  "indicator_name": "Adversarial User Framing",
  "probe_type": "linear",
  "label_mode": "span",
  "reasoning_only": false,
  "reasoning_positive_only": true,
  "training_data_path": "probe/data/v4_v2_6_combined_v2/adversarial_user_framing.json",
  "n_positive_turns": 741,
  "n_negative_turns": 1674,
  "detect_layers": [
    25
  ],
  "reg_coeff": 10.0,
  "normalize": true,
  "model_name": "qwen-35b",
  "timestamp": "20260616_180735",
  "val_thresholds": {
    "threshold_mode": "sentence",
    "span_overlap": {
      "auroc": 0.9893905758459259,
      "pr_auc": 0.6965867262026217,
      "best_accuracy": 0.977274698586174,
      "threshold_accuracy": 2.784569412801001,
      "precision_accuracy": 0.6639477977161501,
      "recall_accuracy": 0.8790496760259179,
      "best_f1": 0.7565055762081784,
      "threshold_f1": 2.784569412801001,
      "precision_f1": 0.6639477977161501,
      "recall_f1": 0.8790496760259179,
      "fpr_1pct": {
        "threshold": 3.9561674041407446,
        "tpr": 0.5529157667386609,
        "fpr": 0.009940357852882704
      },
      "fpr_5pct": {
        "threshold": 1.043718928286673,
        "tpr": 0.9935205183585313,
        "fpr": 0.049972889933128505
      },
      "n_pos": 463,
      "n_neg": 11066
    },
    "same_turn": {
      "auroc": 0.9576335895060674,
      "pr_auc": 0.8469948449283254,
      "best_accuracy": 0.9682539682539683,
      "threshold_accuracy": 1.7134324924717115,
      "precision_accuracy": 0.9100126742712294,
      "recall_accuracy": 0.7087857847976308,
      "best_f1": 0.7984873041599135,
      "threshold_f1": 1.5116687362703183,
      "precision_f1": 0.8818615751789977,
      "recall_f1": 0.7295162882527148,
      "fpr_1pct": {
        "threshold": 1.495545952306374,
        "tpr": 0.7305034550839091,
        "fpr": 0.0099847850893876
      },
      "fpr_5pct": {
        "threshold": 0.6184407903363447,
        "tpr": 0.8548864758144127,
        "fpr": 0.049923925446938
      },
      "n_pos": 1013,
      "n_neg": 10516
    },
    "turn_level": {
      "auroc": 0.9901031270791749,
      "pr_auc": 0.9728690231492727,
      "best_accuracy": 0.9707112970711297,
      "threshold_accuracy": 2.6683509303973274,
      "precision_accuracy": 0.9166666666666666,
      "recall_accuracy": 0.9930555555555556,
      "best_f1": 0.9533333333333333,
      "threshold_f1": 2.6683509303973274,
      "precision_f1": 0.9166666666666666,
      "recall_f1": 0.9930555555555556,
      "fpr_1pct": {
        "threshold": 5.0009917098283765,
        "tpr": 0.5972222222222222,
        "fpr": 0.008982035928143712
      },
      "fpr_5pct": {
        "threshold": 2.5439382870312874,
        "tpr": 0.9930555555555556,
        "fpr": 0.04790419161676647
      },
      "n_pos": 144,
      "n_neg": 334
    },
    "clean_label": {
      "auroc": 0.998156054704669,
      "pr_auc": 0.946810076450711,
      "best_accuracy": 0.9930776937790327,
      "threshold_accuracy": 2.1186487708085524,
      "precision_accuracy": 0.8989690721649485,
      "recall_accuracy": 0.9416846652267818,
      "best_f1": 0.92,
      "threshold_f1": 2.095606344667348,
      "precision_f1": 0.8973305954825462,
      "recall_f1": 0.9438444924406048,
      "fpr_1pct": {
        "threshold": 1.495545952306374,
        "tpr": 0.9827213822894169,
        "fpr": 0.0099847850893876
      },
      "fpr_5pct": {
        "threshold": 0.6184407903363447,
        "tpr": 1.0,
        "fpr": 0.049923925446938
      },
      "n_pos": 463,
      "n_neg": 10516
    },
    "auroc": 0.9893905758459259,
    "pr_auc": 0.6965867262026217,
    "best_accuracy": 0.977274698586174,
    "threshold_accuracy": 2.784569412801001,
    "precision_accuracy": 0.6639477977161501,
    "recall_accuracy": 0.8790496760259179,
    "best_f1": 0.7565055762081784,
    "threshold_f1": 2.784569412801001,
    "precision_f1": 0.6639477977161501,
    "recall_f1": 0.8790496760259179,
    "fpr_1pct": {
      "threshold": 3.9561674041407446,
      "tpr": 0.5529157667386609,
      "fpr": 0.009940357852882704
    },
    "fpr_5pct": {
      "threshold": 1.043718928286673,
      "tpr": 0.9935205183585313,
      "fpr": 0.049972889933128505
    },
    "n_pos_sentences": 463,
    "n_neg_sentences": 11066
  }
}