{
  "indicator_name": "Misalignment Cover Story Planning",
  "probe_type": "linear",
  "label_mode": "span",
  "reasoning_only": false,
  "reasoning_positive_only": true,
  "training_data_path": "/workspace-vast/kaiwen/persona_vectors/data_generation/probe/data/v4_v2_6_combined_v2/misalignment_cover_story_planning.json",
  "n_positive_turns": 909,
  "n_negative_turns": 1407,
  "detect_layers": [
    29
  ],
  "reg_coeff": 10.0,
  "normalize": true,
  "model_name": "glm-9b-flash",
  "timestamp": "20260416_051122",
  "val_thresholds": {
    "threshold_mode": "sentence",
    "span_overlap": {
      "auroc": 0.9909882456810785,
      "pr_auc": 0.8066687649541243,
      "best_accuracy": 0.9814831300632066,
      "threshold_accuracy": 4.327447058576526,
      "precision_accuracy": 0.8006535947712419,
      "recall_accuracy": 0.625,
      "best_f1": 0.7421686746987951,
      "threshold_f1": 3.746567732436858,
      "precision_f1": 0.7031963470319634,
      "recall_f1": 0.7857142857142857,
      "fpr_1pct": {
        "threshold": 3.9465775640161187,
        "tpr": 0.7244897959183674,
        "fpr": 0.009962180610644774
      },
      "fpr_5pct": {
        "threshold": 1.689191137999296,
        "tpr": 0.9795918367346939,
        "fpr": 0.049995387879346924
      },
      "n_pos": 392,
      "n_neg": 10841
    },
    "same_turn": {
      "auroc": 0.9178713335686522,
      "pr_auc": 0.7798980315627151,
      "best_accuracy": 0.9510371227632868,
      "threshold_accuracy": 1.432833181628299,
      "precision_accuracy": 0.8186372745490982,
      "recall_accuracy": 0.6888701517706577,
      "best_f1": 0.749431559799909,
      "threshold_f1": 1.3841473903404626,
      "precision_f1": 0.8134254689042448,
      "recall_f1": 0.6947723440134908,
      "fpr_1pct": {
        "threshold": 2.358622495849163,
        "tpr": 0.5666104553119731,
        "fpr": 0.009953219866626855
      },
      "fpr_5pct": {
        "threshold": 0.6947080717676983,
        "tpr": 0.7731871838111298,
        "fpr": 0.049965163730466805
      },
      "n_pos": 1186,
      "n_neg": 10047
    },
    "turn_level": {
      "auroc": 0.9864811912225706,
      "pr_auc": 0.9741418476754475,
      "best_accuracy": 0.9527896995708155,
      "threshold_accuracy": 3.5372556812233396,
      "precision_accuracy": 0.9052631578947369,
      "recall_accuracy": 0.9772727272727273,
      "best_f1": 0.9398907103825138,
      "threshold_f1": 3.5372556812233396,
      "precision_f1": 0.9052631578947369,
      "recall_f1": 0.9772727272727273,
      "fpr_1pct": {
        "threshold": 5.260228107907757,
        "tpr": 0.5340909090909091,
        "fpr": 0.006896551724137931
      },
      "fpr_5pct": {
        "threshold": 3.90630761720545,
        "tpr": 0.9261363636363636,
        "fpr": 0.04827586206896552
      },
      "n_pos": 176,
      "n_neg": 290
    },
    "clean_label": {
      "auroc": 0.9974989995998399,
      "pr_auc": 0.9445984110664847,
      "best_accuracy": 0.9910911006801417,
      "threshold_accuracy": 3.0065860341074035,
      "precision_accuracy": 0.8804071246819338,
      "recall_accuracy": 0.8826530612244898,
      "best_f1": 0.8815286624203822,
      "threshold_f1": 3.0065860341074035,
      "precision_f1": 0.8804071246819338,
      "recall_f1": 0.8826530612244898,
      "fpr_1pct": {
        "threshold": 2.358622495849163,
        "tpr": 0.951530612244898,
        "fpr": 0.009953219866626855
      },
      "fpr_5pct": {
        "threshold": 0.6947080717676983,
        "tpr": 0.9948979591836735,
        "fpr": 0.049965163730466805
      },
      "n_pos": 392,
      "n_neg": 10047
    },
    "auroc": 0.9909882456810785,
    "pr_auc": 0.8066687649541243,
    "best_accuracy": 0.9814831300632066,
    "threshold_accuracy": 4.327447058576526,
    "precision_accuracy": 0.8006535947712419,
    "recall_accuracy": 0.625,
    "best_f1": 0.7421686746987951,
    "threshold_f1": 3.746567732436858,
    "precision_f1": 0.7031963470319634,
    "recall_f1": 0.7857142857142857,
    "fpr_1pct": {
      "threshold": 3.9465775640161187,
      "tpr": 0.7244897959183674,
      "fpr": 0.009962180610644774
    },
    "fpr_5pct": {
      "threshold": 1.689191137999296,
      "tpr": 0.9795918367346939,
      "fpr": 0.049995387879346924
    },
    "n_pos_sentences": 392,
    "n_neg_sentences": 10841
  }
}