{
  "indicator_name": "Adversarial User Framing",
  "probe_type": "linear",
  "label_mode": "span",
  "reasoning_only": false,
  "reasoning_positive_only": true,
  "training_data_path": "/workspace-vast/kaiwen/persona_vectors/data_generation/probe/data/v4_v2_6_combined_v2/adversarial_user_framing.json",
  "n_positive_turns": 741,
  "n_negative_turns": 1674,
  "detect_layers": [
    29
  ],
  "reg_coeff": 10.0,
  "normalize": true,
  "model_name": "glm-9b-flash",
  "timestamp": "20260416_051023",
  "val_thresholds": {
    "threshold_mode": "sentence",
    "span_overlap": {
      "auroc": 0.9874295331358707,
      "pr_auc": 0.7142028589037867,
      "best_accuracy": 0.970873786407767,
      "threshold_accuracy": 3.4344195804248256,
      "precision_accuracy": 0.676605504587156,
      "recall_accuracy": 0.6371490280777538,
      "best_f1": 0.7202028740490279,
      "threshold_f1": 2.2184462061053827,
      "precision_f1": 0.5916666666666667,
      "recall_f1": 0.9200863930885529,
      "fpr_1pct": {
        "threshold": 3.811415895110085,
        "tpr": 0.5226781857451404,
        "fpr": 0.009954661935738221
      },
      "fpr_5pct": {
        "threshold": 1.1776711313492236,
        "tpr": 0.9913606911447084,
        "fpr": 0.04997043169722058
      },
      "n_pos": 463,
      "n_neg": 10146
    },
    "same_turn": {
      "auroc": 0.961086327924559,
      "pr_auc": 0.8609064239002722,
      "best_accuracy": 0.9696484117258931,
      "threshold_accuracy": 1.5787968590323413,
      "precision_accuracy": 0.9117997616209773,
      "recall_accuracy": 0.7551826258637709,
      "best_f1": 0.8285565398645128,
      "threshold_f1": 1.304069755025262,
      "precision_f1": 0.8774834437086093,
      "recall_f1": 0.7847976307996052,
      "fpr_1pct": {
        "threshold": 1.437482506117743,
        "tpr": 0.7670286278381047,
        "fpr": 0.009899958315964985
      },
      "fpr_5pct": {
        "threshold": 0.6936406937273902,
        "tpr": 0.8558736426456071,
        "fpr": 0.04991663192997082
      },
      "n_pos": 1013,
      "n_neg": 9596
    },
    "turn_level": {
      "auroc": 0.9916087962962964,
      "pr_auc": 0.9759073613695628,
      "best_accuracy": 0.96875,
      "threshold_accuracy": 2.5074040337719703,
      "precision_accuracy": 0.910828025477707,
      "recall_accuracy": 0.9930555555555556,
      "best_f1": 0.9504950495049505,
      "threshold_f1": 2.2644515215447454,
      "precision_f1": 0.9056603773584906,
      "recall_f1": 1.0,
      "fpr_1pct": {
        "threshold": 4.412405888416938,
        "tpr": 0.7638888888888888,
        "fpr": 0.008928571428571428
      },
      "fpr_5pct": {
        "threshold": 2.1498309905228377,
        "tpr": 1.0,
        "fpr": 0.047619047619047616
      },
      "n_pos": 144,
      "n_neg": 336
    },
    "clean_label": {
      "auroc": 0.9979040943085536,
      "pr_auc": 0.9492474786013172,
      "best_accuracy": 0.9925439904563078,
      "threshold_accuracy": 2.012263245626194,
      "precision_accuracy": 0.8991769547325102,
      "recall_accuracy": 0.9438444924406048,
      "best_f1": 0.9222797927461138,
      "threshold_f1": 1.8519137435976196,
      "precision_f1": 0.8864541832669323,
      "recall_f1": 0.9611231101511879,
      "fpr_1pct": {
        "threshold": 1.4475844239547542,
        "tpr": 0.9762419006479481,
        "fpr": 0.009899958315964985
      },
      "fpr_5pct": {
        "threshold": 0.6936406937273902,
        "tpr": 0.9956803455723542,
        "fpr": 0.04991663192997082
      },
      "n_pos": 463,
      "n_neg": 9596
    },
    "auroc": 0.9874295331358707,
    "pr_auc": 0.7142028589037867,
    "best_accuracy": 0.970873786407767,
    "threshold_accuracy": 3.4344195804248256,
    "precision_accuracy": 0.676605504587156,
    "recall_accuracy": 0.6371490280777538,
    "best_f1": 0.7202028740490279,
    "threshold_f1": 2.2184462061053827,
    "precision_f1": 0.5916666666666667,
    "recall_f1": 0.9200863930885529,
    "fpr_1pct": {
      "threshold": 3.811415895110085,
      "tpr": 0.5226781857451404,
      "fpr": 0.009954661935738221
    },
    "fpr_5pct": {
      "threshold": 1.1776711313492236,
      "tpr": 0.9913606911447084,
      "fpr": 0.04997043169722058
    },
    "n_pos_sentences": 463,
    "n_neg_sentences": 10146
  }
}