{
  "indicator_name": "Concerns on Self-Existence",
  "probe_type": "linear",
  "label_mode": "span",
  "reasoning_only": false,
  "reasoning_positive_only": true,
  "training_data_path": "probe/data/v4_v2_6_combined_v2/concerns_on_self_existence.json",
  "n_positive_turns": 813,
  "n_negative_turns": 1695,
  "detect_layers": [
    23
  ],
  "reg_coeff": 10.0,
  "normalize": true,
  "model_name": "qwen-35b",
  "timestamp": "20260616_181836",
  "val_thresholds": {
    "threshold_mode": "sentence",
    "span_overlap": {
      "auroc": 0.9835710755352474,
      "pr_auc": 0.587505042909705,
      "best_accuracy": 0.9760673270798632,
      "threshold_accuracy": 4.101862526524089,
      "precision_accuracy": 0.6407766990291263,
      "recall_accuracy": 0.3987915407854985,
      "best_f1": 0.5870535714285714,
      "threshold_f1": 2.7348422986088377,
      "precision_f1": 0.4654867256637168,
      "recall_f1": 0.7945619335347432,
      "fpr_1pct": {
        "threshold": 3.774154667395587,
        "tpr": 0.486404833836858,
        "fpr": 0.00993138317081979
      },
      "fpr_5pct": {
        "threshold": 1.6757346214726567,
        "tpr": 0.9425981873111783,
        "fpr": 0.04992777175875768
      },
      "n_pos": 331,
      "n_neg": 11076
    },
    "same_turn": {
      "auroc": 0.9626777765151099,
      "pr_auc": 0.8509190443245357,
      "best_accuracy": 0.9651091435083721,
      "threshold_accuracy": 1.2550952913782871,
      "precision_accuracy": 0.8557213930348259,
      "recall_accuracy": 0.7726864330637916,
      "best_f1": 0.813812412505833,
      "threshold_f1": 1.1794924091058547,
      "precision_f1": 0.8466019417475729,
      "recall_f1": 0.7834681042228212,
      "fpr_1pct": {
        "threshold": 1.5258175262974367,
        "tpr": 0.7205750224618149,
        "fpr": 0.00990868467068195
      },
      "fpr_5pct": {
        "threshold": 0.5621805806402806,
        "tpr": 0.8724168912848158,
        "fpr": 0.04993199922284826
      },
      "n_pos": 1113,
      "n_neg": 10294
    },
    "turn_level": {
      "auroc": 0.9822682203083158,
      "pr_auc": 0.9496772817515244,
      "best_accuracy": 0.9500998003992016,
      "threshold_accuracy": 1.9858777651925468,
      "precision_accuracy": 0.8797814207650273,
      "recall_accuracy": 0.9817073170731707,
      "best_f1": 0.9279538904899134,
      "threshold_f1": 1.9858777651925468,
      "precision_f1": 0.8797814207650273,
      "recall_f1": 0.9817073170731707,
      "fpr_1pct": {
        "threshold": 4.5172137199628235,
        "tpr": 0.5121951219512195,
        "fpr": 0.008902077151335312
      },
      "fpr_5pct": {
        "threshold": 2.7523688947283382,
        "tpr": 0.926829268292683,
        "fpr": 0.04747774480712166
      },
      "n_pos": 164,
      "n_neg": 337
    },
    "clean_label": {
      "auroc": 0.9973650799427349,
      "pr_auc": 0.9080668888707908,
      "best_accuracy": 0.9918117647058824,
      "threshold_accuracy": 2.24295676821116,
      "precision_accuracy": 0.8485714285714285,
      "recall_accuracy": 0.8972809667673716,
      "best_f1": 0.8724637681159421,
      "threshold_f1": 2.085480130283661,
      "precision_f1": 0.8384401114206128,
      "recall_f1": 0.9093655589123867,
      "fpr_1pct": {
        "threshold": 1.531105608244737,
        "tpr": 0.9577039274924471,
        "fpr": 0.00990868467068195
      },
      "fpr_5pct": {
        "threshold": 0.562543869550739,
        "tpr": 1.0,
        "fpr": 0.04993199922284826
      },
      "n_pos": 331,
      "n_neg": 10294
    },
    "auroc": 0.9835710755352474,
    "pr_auc": 0.587505042909705,
    "best_accuracy": 0.9760673270798632,
    "threshold_accuracy": 4.101862526524089,
    "precision_accuracy": 0.6407766990291263,
    "recall_accuracy": 0.3987915407854985,
    "best_f1": 0.5870535714285714,
    "threshold_f1": 2.7348422986088377,
    "precision_f1": 0.4654867256637168,
    "recall_f1": 0.7945619335347432,
    "fpr_1pct": {
      "threshold": 3.774154667395587,
      "tpr": 0.486404833836858,
      "fpr": 0.00993138317081979
    },
    "fpr_5pct": {
      "threshold": 1.6757346214726567,
      "tpr": 0.9425981873111783,
      "fpr": 0.04992777175875768
    },
    "n_pos_sentences": 331,
    "n_neg_sentences": 11076
  }
}