{
  "indicator_name": "Strategic Framing",
  "probe_type": "linear",
  "label_mode": "span",
  "reasoning_only": false,
  "reasoning_positive_only": true,
  "training_data_path": "probe/data/v4_v2_6_combined_v2/strategic_framing.json",
  "n_positive_turns": 1090,
  "n_negative_turns": 3670,
  "detect_layers": [
    23
  ],
  "reg_coeff": 10.0,
  "normalize": true,
  "model_name": "qwen-35b",
  "timestamp": "20260616_205734",
  "val_thresholds": {
    "threshold_mode": "sentence",
    "span_overlap": {
      "auroc": 0.9847275640098785,
      "pr_auc": 0.5709504809952082,
      "best_accuracy": 0.9783715629697881,
      "threshold_accuracy": 3.254496560761921,
      "precision_accuracy": 0.6346153846153846,
      "recall_accuracy": 0.31976744186046513,
      "best_f1": 0.6149297856614929,
      "threshold_f1": 2.0292441947706816,
      "precision_f1": 0.4970131421744325,
      "recall_f1": 0.8062015503875969,
      "fpr_1pct": {
        "threshold": 2.7994843892753125,
        "tpr": 0.49224806201550386,
        "fpr": 0.009997513056453619
      },
      "fpr_5pct": {
        "threshold": 0.9676558745004946,
        "tpr": 0.9670542635658915,
        "fpr": 0.049987565282268095
      },
      "n_pos": 516,
      "n_neg": 20105
    },
    "same_turn": {
      "auroc": 0.9339153620300938,
      "pr_auc": 0.7842348995290731,
      "best_accuracy": 0.9536879879734251,
      "threshold_accuracy": 0.9611917405144164,
      "precision_accuracy": 0.8484447385837194,
      "recall_accuracy": 0.6384462151394422,
      "best_f1": 0.7331136738056013,
      "threshold_f1": 0.8625497509326254,
      "precision_f1": 0.8170134638922889,
      "recall_f1": 0.6648406374501992,
      "fpr_1pct": {
        "threshold": 1.0368182660331802,
        "tpr": 0.6075697211155379,
        "fpr": 0.009993015634234137
      },
      "fpr_5pct": {
        "threshold": 0.5234571604386848,
        "tpr": 0.7594621513944223,
        "fpr": 0.049965078171170685
      },
      "n_pos": 2008,
      "n_neg": 18613
    },
    "turn_level": {
      "auroc": 0.9933625624162709,
      "pr_auc": 0.9744541097498123,
      "best_accuracy": 0.9745762711864406,
      "threshold_accuracy": 1.6631945589168824,
      "precision_accuracy": 0.9186991869918699,
      "recall_accuracy": 0.9826086956521739,
      "best_f1": 0.9495798319327732,
      "threshold_f1": 1.6631945589168824,
      "precision_f1": 0.9186991869918699,
      "recall_f1": 0.9826086956521739,
      "fpr_1pct": {
        "threshold": 2.726536162961752,
        "tpr": 0.7695652173913043,
        "fpr": 0.00980392156862745
      },
      "fpr_5pct": {
        "threshold": 1.3396926774475981,
        "tpr": 1.0,
        "fpr": 0.049019607843137254
      },
      "n_pos": 230,
      "n_neg": 714
    },
    "clean_label": {
      "auroc": 0.9963206094598382,
      "pr_auc": 0.9277299541939128,
      "best_accuracy": 0.9940404621255685,
      "threshold_accuracy": 1.469352351501584,
      "precision_accuracy": 0.8681318681318682,
      "recall_accuracy": 0.9186046511627907,
      "best_f1": 0.8926553672316384,
      "threshold_f1": 1.469352351501584,
      "precision_f1": 0.8681318681318682,
      "recall_f1": 0.9186046511627907,
      "fpr_1pct": {
        "threshold": 1.0379970935838563,
        "tpr": 0.9612403100775194,
        "fpr": 0.009993015634234137
      },
      "fpr_5pct": {
        "threshold": 0.523716373834759,
        "tpr": 0.9825581395348837,
        "fpr": 0.049965078171170685
      },
      "n_pos": 516,
      "n_neg": 18613
    },
    "auroc": 0.9847275640098785,
    "pr_auc": 0.5709504809952082,
    "best_accuracy": 0.9783715629697881,
    "threshold_accuracy": 3.254496560761921,
    "precision_accuracy": 0.6346153846153846,
    "recall_accuracy": 0.31976744186046513,
    "best_f1": 0.6149297856614929,
    "threshold_f1": 2.0292441947706816,
    "precision_f1": 0.4970131421744325,
    "recall_f1": 0.8062015503875969,
    "fpr_1pct": {
      "threshold": 2.7994843892753125,
      "tpr": 0.49224806201550386,
      "fpr": 0.009997513056453619
    },
    "fpr_5pct": {
      "threshold": 0.9676558745004946,
      "tpr": 0.9670542635658915,
      "fpr": 0.049987565282268095
    },
    "n_pos_sentences": 516,
    "n_neg_sentences": 20105
  }
}