{
  "indicator_name": "Distinct Self-Goal Representation",
  "probe_type": "linear",
  "label_mode": "span",
  "reasoning_only": false,
  "reasoning_positive_only": true,
  "training_data_path": "/workspace-vast/kaiwen/persona_vectors/data_generation/probe/data/v4_v2_6_combined_v2/distinct_self_goal_representation.json",
  "n_positive_turns": 786,
  "n_negative_turns": 1565,
  "detect_layers": [
    29
  ],
  "reg_coeff": 10.0,
  "normalize": true,
  "model_name": "glm-9b-flash",
  "timestamp": "20260416_052554",
  "val_thresholds": {
    "threshold_mode": "sentence",
    "span_overlap": {
      "auroc": 0.9816006106902571,
      "pr_auc": 0.6924428973440832,
      "best_accuracy": 0.9634420697412823,
      "threshold_accuracy": 2.9527104680354777,
      "precision_accuracy": 0.6763285024154589,
      "recall_accuracy": 0.5944798301486199,
      "best_f1": 0.6865431103948428,
      "threshold_f1": 1.6415804363787174,
      "precision_f1": 0.5532467532467532,
      "recall_f1": 0.9044585987261147,
      "fpr_1pct": {
        "threshold": 3.361254393846005,
        "tpr": 0.4564755838641189,
        "fpr": 0.009977431999049768
      },
      "fpr_5pct": {
        "threshold": 1.3186342449405708,
        "tpr": 0.9511677282377919,
        "fpr": 0.04988715999524884
      },
      "n_pos": 471,
      "n_neg": 8419
    },
    "same_turn": {
      "auroc": 0.9624051430358125,
      "pr_auc": 0.8865140716242573,
      "best_accuracy": 0.9617547806524185,
      "threshold_accuracy": 1.2131243839095802,
      "precision_accuracy": 0.9210526315789473,
      "recall_accuracy": 0.7581227436823105,
      "best_f1": 0.8316831683168316,
      "threshold_f1": 1.2131243839095802,
      "precision_f1": 0.9210526315789473,
      "recall_f1": 0.7581227436823105,
      "fpr_1pct": {
        "threshold": 1.1968102180669384,
        "tpr": 0.7581227436823105,
        "fpr": 0.009894628630172193
      },
      "fpr_5pct": {
        "threshold": 0.4724311489493601,
        "tpr": 0.8655234657039711,
        "fpr": 0.04998714983294783
      },
      "n_pos": 1108,
      "n_neg": 7782
    },
    "turn_level": {
      "auroc": 0.9911617905265442,
      "pr_auc": 0.9752137078149337,
      "best_accuracy": 0.9721030042918455,
      "threshold_accuracy": 1.8828284483775497,
      "precision_accuracy": 0.9301075268817204,
      "recall_accuracy": 1.0,
      "best_f1": 0.9637883008356545,
      "threshold_f1": 1.8828284483775497,
      "precision_f1": 0.9301075268817204,
      "recall_f1": 1.0,
      "fpr_1pct": {
        "threshold": 3.552395000215451,
        "tpr": 0.7283236994219653,
        "fpr": 0.006825938566552901
      },
      "fpr_5pct": {
        "threshold": 1.8665047106940462,
        "tpr": 1.0,
        "fpr": 0.04778156996587031
      },
      "n_pos": 173,
      "n_neg": 293
    },
    "clean_label": {
      "auroc": 0.9972725452224934,
      "pr_auc": 0.9577774548684428,
      "best_accuracy": 0.9916394038531443,
      "threshold_accuracy": 1.4076740052964953,
      "precision_accuracy": 0.9135802469135802,
      "recall_accuracy": 0.9426751592356688,
      "best_f1": 0.9280500521376434,
      "threshold_f1": 1.3921818868744942,
      "precision_f1": 0.9118852459016393,
      "recall_f1": 0.9447983014861996,
      "fpr_1pct": {
        "threshold": 1.1968102180669384,
        "tpr": 0.9617834394904459,
        "fpr": 0.009894628630172193
      },
      "fpr_5pct": {
        "threshold": 0.4736633173057011,
        "tpr": 0.9957537154989384,
        "fpr": 0.04998714983294783
      },
      "n_pos": 471,
      "n_neg": 7782
    },
    "auroc": 0.9816006106902571,
    "pr_auc": 0.6924428973440832,
    "best_accuracy": 0.9634420697412823,
    "threshold_accuracy": 2.9527104680354777,
    "precision_accuracy": 0.6763285024154589,
    "recall_accuracy": 0.5944798301486199,
    "best_f1": 0.6865431103948428,
    "threshold_f1": 1.6415804363787174,
    "precision_f1": 0.5532467532467532,
    "recall_f1": 0.9044585987261147,
    "fpr_1pct": {
      "threshold": 3.361254393846005,
      "tpr": 0.4564755838641189,
      "fpr": 0.009977431999049768
    },
    "fpr_5pct": {
      "threshold": 1.3186342449405708,
      "tpr": 0.9511677282377919,
      "fpr": 0.04988715999524884
    },
    "n_pos_sentences": 471,
    "n_neg_sentences": 8419
  }
}