{
  "indicator_name": "Malicious Consequential Action Planning",
  "probe_type": "linear",
  "label_mode": "span",
  "reasoning_only": false,
  "reasoning_positive_only": true,
  "training_data_path": "/workspace-vast/kaiwen/persona_vectors/data_generation/probe/data/v4_v2_6_combined_v2/malicious_consequential_action_planning.json",
  "n_positive_turns": 390,
  "n_negative_turns": 689,
  "detect_layers": [
    29
  ],
  "reg_coeff": 10.0,
  "normalize": true,
  "model_name": "glm-9b-flash",
  "timestamp": "20260416_050124",
  "val_thresholds": {
    "threshold_mode": "sentence",
    "span_overlap": {
      "auroc": 0.9817931672632527,
      "pr_auc": 0.6599775199983601,
      "best_accuracy": 0.9736453721273456,
      "threshold_accuracy": 3.304818148211557,
      "precision_accuracy": 0.6751592356687898,
      "recall_accuracy": 0.5888888888888889,
      "best_f1": 0.6547085201793722,
      "threshold_f1": 2.433669768070633,
      "precision_f1": 0.5488721804511278,
      "recall_f1": 0.8111111111111111,
      "fpr_1pct": {
        "threshold": 3.468749619671563,
        "tpr": 0.5277777777777778,
        "fpr": 0.009861932938856016
      },
      "fpr_5pct": {
        "threshold": 1.2962668019158023,
        "tpr": 0.9444444444444444,
        "fpr": 0.049967126890203814
      },
      "n_pos": 180,
      "n_neg": 4563
    },
    "same_turn": {
      "auroc": 0.9486748713622116,
      "pr_auc": 0.7935315761475761,
      "best_accuracy": 0.9515074847143158,
      "threshold_accuracy": 1.4453579580558125,
      "precision_accuracy": 0.8263157894736842,
      "recall_accuracy": 0.6569037656903766,
      "best_f1": 0.743400211193242,
      "threshold_f1": 0.9844735020150741,
      "precision_f1": 0.7505330490405118,
      "recall_f1": 0.7364016736401674,
      "fpr_1pct": {
        "threshold": 1.9057990731356513,
        "tpr": 0.5836820083682008,
        "fpr": 0.00984759671746776
      },
      "fpr_5pct": {
        "threshold": 0.6625868288946211,
        "tpr": 0.7887029288702929,
        "fpr": 0.049941383352872216
      },
      "n_pos": 478,
      "n_neg": 4265
    },
    "turn_level": {
      "auroc": 0.963421444527178,
      "pr_auc": 0.9365496465888418,
      "best_accuracy": 0.8976744186046511,
      "threshold_accuracy": 3.1311800542482455,
      "precision_accuracy": 0.9253731343283582,
      "recall_accuracy": 0.7848101265822784,
      "best_f1": 0.8715083798882681,
      "threshold_f1": 1.7662158683116038,
      "precision_f1": 0.78,
      "recall_f1": 0.9873417721518988,
      "fpr_1pct": {
        "threshold": 4.371697628072329,
        "tpr": 0.4177215189873418,
        "fpr": 0.007352941176470588
      },
      "fpr_5pct": {
        "threshold": 3.0868888578156346,
        "tpr": 0.7974683544303798,
        "fpr": 0.04411764705882353
      },
      "n_pos": 79,
      "n_neg": 136
    },
    "clean_label": {
      "auroc": 0.9929204116191221,
      "pr_auc": 0.8995756879709039,
      "best_accuracy": 0.9865016872890888,
      "threshold_accuracy": 2.433669768070633,
      "precision_accuracy": 0.8488372093023255,
      "recall_accuracy": 0.8111111111111111,
      "best_f1": 0.8381962864721485,
      "threshold_f1": 1.9835806240638099,
      "precision_f1": 0.8020304568527918,
      "recall_f1": 0.8777777777777778,
      "fpr_1pct": {
        "threshold": 1.9153547287655428,
        "tpr": 0.8833333333333333,
        "fpr": 0.00984759671746776
      },
      "fpr_5pct": {
        "threshold": 0.6625868288946211,
        "tpr": 0.9833333333333333,
        "fpr": 0.049941383352872216
      },
      "n_pos": 180,
      "n_neg": 4265
    },
    "auroc": 0.9817931672632527,
    "pr_auc": 0.6599775199983601,
    "best_accuracy": 0.9736453721273456,
    "threshold_accuracy": 3.304818148211557,
    "precision_accuracy": 0.6751592356687898,
    "recall_accuracy": 0.5888888888888889,
    "best_f1": 0.6547085201793722,
    "threshold_f1": 2.433669768070633,
    "precision_f1": 0.5488721804511278,
    "recall_f1": 0.8111111111111111,
    "fpr_1pct": {
      "threshold": 3.468749619671563,
      "tpr": 0.5277777777777778,
      "fpr": 0.009861932938856016
    },
    "fpr_5pct": {
      "threshold": 1.2962668019158023,
      "tpr": 0.9444444444444444,
      "fpr": 0.049967126890203814
    },
    "n_pos_sentences": 180,
    "n_neg_sentences": 4563
  }
}