{
  "indicator_name": "Distinct Self-Goal Representation",
  "probe_type": "linear",
  "label_mode": "span",
  "reasoning_only": false,
  "reasoning_positive_only": true,
  "training_data_path": "probe/data/v4_v2_6_combined_v2/distinct_self_goal_representation.json",
  "n_positive_turns": 786,
  "n_negative_turns": 1565,
  "detect_layers": [
    25
  ],
  "reg_coeff": 10.0,
  "normalize": true,
  "model_name": "qwen-35b",
  "timestamp": "20260616_182900",
  "val_thresholds": {
    "threshold_mode": "sentence",
    "span_overlap": {
      "auroc": 0.983929611584482,
      "pr_auc": 0.6894421881713101,
      "best_accuracy": 0.9668100799016595,
      "threshold_accuracy": 3.0490387135377044,
      "precision_accuracy": 0.6567164179104478,
      "recall_accuracy": 0.6539278131634819,
      "best_f1": 0.6980830670926519,
      "threshold_f1": 1.6922139183090212,
      "precision_f1": 0.559539052496799,
      "recall_f1": 0.9278131634819533,
      "fpr_1pct": {
        "threshold": 3.6596145831630453,
        "tpr": 0.45010615711252655,
        "fpr": 0.00990205575287913
      },
      "fpr_5pct": {
        "threshold": 1.1603262747555751,
        "tpr": 0.9660297239915074,
        "fpr": 0.04994080292756431
      },
      "n_pos": 471,
      "n_neg": 9291
    },
    "same_turn": {
      "auroc": 0.9544628472549579,
      "pr_auc": 0.855420972834226,
      "best_accuracy": 0.9589223519770539,
      "threshold_accuracy": 1.4138642301162085,
      "precision_accuracy": 0.9153936545240893,
      "recall_accuracy": 0.7030685920577617,
      "best_f1": 0.7955124936257012,
      "threshold_f1": 1.3985090376188358,
      "precision_f1": 0.9144196951934349,
      "recall_f1": 0.703971119133574,
      "fpr_1pct": {
        "threshold": 1.321210809659075,
        "tpr": 0.7066787003610109,
        "fpr": 0.009937601109313613
      },
      "fpr_5pct": {
        "threshold": 0.4927143912599792,
        "tpr": 0.842057761732852,
        "fpr": 0.04991911254911024
      },
      "n_pos": 1108,
      "n_neg": 8654
    },
    "turn_level": {
      "auroc": 0.9893862573733946,
      "pr_auc": 0.9762634912433608,
      "best_accuracy": 0.9699570815450643,
      "threshold_accuracy": 2.578036538089861,
      "precision_accuracy": 0.9441340782122905,
      "recall_accuracy": 0.976878612716763,
      "best_f1": 0.9602272727272726,
      "threshold_f1": 2.578036538089861,
      "precision_f1": 0.9441340782122905,
      "recall_f1": 0.976878612716763,
      "fpr_1pct": {
        "threshold": 4.7084526179565325,
        "tpr": 0.4624277456647399,
        "fpr": 0.006825938566552901
      },
      "fpr_5pct": {
        "threshold": 2.3134369532485586,
        "tpr": 0.9826589595375722,
        "fpr": 0.04778156996587031
      },
      "n_pos": 173,
      "n_neg": 293
    },
    "clean_label": {
      "auroc": 0.9972608177458774,
      "pr_auc": 0.9449713715793534,
      "best_accuracy": 0.9911232876712329,
      "threshold_accuracy": 1.6155176304635548,
      "precision_accuracy": 0.8947368421052632,
      "recall_accuracy": 0.9384288747346072,
      "best_f1": 0.9160621761658032,
      "threshold_f1": 1.6155176304635548,
      "precision_f1": 0.8947368421052632,
      "recall_f1": 0.9384288747346072,
      "fpr_1pct": {
        "threshold": 1.321210809659075,
        "tpr": 0.9617834394904459,
        "fpr": 0.009937601109313613
      },
      "fpr_5pct": {
        "threshold": 0.4927143912599792,
        "tpr": 0.9978768577494692,
        "fpr": 0.04991911254911024
      },
      "n_pos": 471,
      "n_neg": 8654
    },
    "auroc": 0.983929611584482,
    "pr_auc": 0.6894421881713101,
    "best_accuracy": 0.9668100799016595,
    "threshold_accuracy": 3.0490387135377044,
    "precision_accuracy": 0.6567164179104478,
    "recall_accuracy": 0.6539278131634819,
    "best_f1": 0.6980830670926519,
    "threshold_f1": 1.6922139183090212,
    "precision_f1": 0.559539052496799,
    "recall_f1": 0.9278131634819533,
    "fpr_1pct": {
      "threshold": 3.6596145831630453,
      "tpr": 0.45010615711252655,
      "fpr": 0.00990205575287913
    },
    "fpr_5pct": {
      "threshold": 1.1603262747555751,
      "tpr": 0.9660297239915074,
      "fpr": 0.04994080292756431
    },
    "n_pos_sentences": 471,
    "n_neg_sentences": 9291
  }
}