{
  "indicator_name": "Observer Suspicion Modeling",
  "probe_type": "linear",
  "label_mode": "span",
  "reasoning_only": false,
  "reasoning_positive_only": true,
  "training_data_path": "probe/data/v4_v2_6_combined_v2/observer_suspicion_modeling.json",
  "n_positive_turns": 899,
  "n_negative_turns": 1836,
  "detect_layers": [
    25
  ],
  "reg_coeff": 10.0,
  "normalize": true,
  "model_name": "qwen-35b",
  "timestamp": "20260616_192202",
  "val_thresholds": {
    "threshold_mode": "sentence",
    "span_overlap": {
      "auroc": 0.9817555531022445,
      "pr_auc": 0.6423853213670688,
      "best_accuracy": 0.9708049886621315,
      "threshold_accuracy": 3.812574954694538,
      "precision_accuracy": 0.6539235412474849,
      "recall_accuracy": 0.5752212389380531,
      "best_f1": 0.6666666666666666,
      "threshold_f1": 2.7663771402857757,
      "precision_f1": 0.5562130177514792,
      "recall_f1": 0.831858407079646,
      "fpr_1pct": {
        "threshold": 4.180487624990443,
        "tpr": 0.46371681415929206,
        "fpr": 0.009965305971801876
      },
      "fpr_5pct": {
        "threshold": 1.6281733331572894,
        "tpr": 0.9486725663716814,
        "fpr": 0.049974164021554586
      },
      "n_pos": 565,
      "n_neg": 13547
    },
    "same_turn": {
      "auroc": 0.94189227191035,
      "pr_auc": 0.8253139546751871,
      "best_accuracy": 0.9589710884353742,
      "threshold_accuracy": 1.597445664271988,
      "precision_accuracy": 0.8759183673469387,
      "recall_accuracy": 0.7153333333333334,
      "best_f1": 0.7958008804605486,
      "threshold_f1": 1.1735888695301229,
      "precision_f1": 0.8086717136958018,
      "recall_f1": 0.7833333333333333,
      "fpr_1pct": {
        "threshold": 1.7944061097289834,
        "tpr": 0.678,
        "fpr": 0.009990485252140819
      },
      "fpr_5pct": {
        "threshold": 0.7449544792166025,
        "tpr": 0.834,
        "fpr": 0.04995242626070409
      },
      "n_pos": 1500,
      "n_neg": 12612
    },
    "turn_level": {
      "auroc": 0.9768003114052161,
      "pr_auc": 0.9293815485874156,
      "best_accuracy": 0.9428044280442804,
      "threshold_accuracy": 3.4881354749661226,
      "precision_accuracy": 0.8913043478260869,
      "recall_accuracy": 0.9371428571428572,
      "best_f1": 0.9164420485175201,
      "threshold_f1": 3.145306007656859,
      "precision_f1": 0.8673469387755102,
      "recall_f1": 0.9714285714285714,
      "fpr_1pct": {
        "threshold": 5.561740683311481,
        "tpr": 0.3657142857142857,
        "fpr": 0.008174386920980926
      },
      "fpr_5pct": {
        "threshold": 3.8745310467978316,
        "tpr": 0.8857142857142857,
        "fpr": 0.04904632152588556
      },
      "n_pos": 175,
      "n_neg": 367
    },
    "clean_label": {
      "auroc": 0.9945545610445453,
      "pr_auc": 0.9027860445198841,
      "best_accuracy": 0.988995977840176,
      "threshold_accuracy": 2.3775592041321287,
      "precision_accuracy": 0.868421052631579,
      "recall_accuracy": 0.8761061946902655,
      "best_f1": 0.872822299651568,
      "threshold_f1": 2.278642544052103,
      "precision_f1": 0.8593481989708405,
      "recall_f1": 0.8867256637168142,
      "fpr_1pct": {
        "threshold": 1.7944061097289834,
        "tpr": 0.9362831858407079,
        "fpr": 0.009990485252140819
      },
      "fpr_5pct": {
        "threshold": 0.7449544792166025,
        "tpr": 0.984070796460177,
        "fpr": 0.04995242626070409
      },
      "n_pos": 565,
      "n_neg": 12612
    },
    "auroc": 0.9817555531022445,
    "pr_auc": 0.6423853213670688,
    "best_accuracy": 0.9708049886621315,
    "threshold_accuracy": 3.812574954694538,
    "precision_accuracy": 0.6539235412474849,
    "recall_accuracy": 0.5752212389380531,
    "best_f1": 0.6666666666666666,
    "threshold_f1": 2.7663771402857757,
    "precision_f1": 0.5562130177514792,
    "recall_f1": 0.831858407079646,
    "fpr_1pct": {
      "threshold": 4.180487624990443,
      "tpr": 0.46371681415929206,
      "fpr": 0.009965305971801876
    },
    "fpr_5pct": {
      "threshold": 1.6281733331572894,
      "tpr": 0.9486725663716814,
      "fpr": 0.049974164021554586
    },
    "n_pos_sentences": 565,
    "n_neg_sentences": 13547
  }
}