{
  "indicator_name": "Self-Preservation Action Planning",
  "probe_type": "linear",
  "label_mode": "span",
  "reasoning_only": false,
  "reasoning_positive_only": true,
  "training_data_path": "/workspace-vast/kaiwen/persona_vectors/data_generation/probe/data/v4_v2_6_combined_v2/self_preservation_action_planning.json",
  "n_positive_turns": 608,
  "n_negative_turns": 2377,
  "detect_layers": [
    27
  ],
  "reg_coeff": 10.0,
  "normalize": true,
  "model_name": "glm-9b-flash",
  "timestamp": "20260416_054445",
  "val_thresholds": {
    "threshold_mode": "sentence",
    "span_overlap": {
      "auroc": 0.9834921885636283,
      "pr_auc": 0.5776304156184333,
      "best_accuracy": 0.9719521015832194,
      "threshold_accuracy": 4.16414916478879,
      "precision_accuracy": 0.6348547717842323,
      "recall_accuracy": 0.3695652173913043,
      "best_f1": 0.613896218117854,
      "threshold_f1": 2.2553244199071614,
      "precision_f1": 0.4827109266943292,
      "recall_f1": 0.8429951690821256,
      "fpr_1pct": {
        "threshold": 3.8934076046332335,
        "tpr": 0.4323671497584541,
        "fpr": 0.00997589159531133
      },
      "fpr_5pct": {
        "threshold": 1.2702111095190047,
        "tpr": 0.9782608695652174,
        "fpr": 0.049962590406517585
      },
      "n_pos": 414,
      "n_neg": 12029
    },
    "same_turn": {
      "auroc": 0.9650147827747682,
      "pr_auc": 0.8501827189411711,
      "best_accuracy": 0.9720324680543277,
      "threshold_accuracy": 1.1876205392824164,
      "precision_accuracy": 0.8516003879728419,
      "recall_accuracy": 0.8182665424044734,
      "best_f1": 0.8346007604562737,
      "threshold_f1": 1.1876205392824164,
      "precision_f1": 0.8516003879728419,
      "recall_f1": 0.8182665424044734,
      "fpr_1pct": {
        "threshold": 1.534515971702564,
        "tpr": 0.7548928238583411,
        "fpr": 0.009938434476693053
      },
      "fpr_5pct": {
        "threshold": 0.5228318839418618,
        "tpr": 0.8881640260950606,
        "fpr": 0.04995602462620932
      },
      "n_pos": 1073,
      "n_neg": 11370
    },
    "turn_level": {
      "auroc": 0.9844953026771208,
      "pr_auc": 0.9213833681286445,
      "best_accuracy": 0.9558573853989814,
      "threshold_accuracy": 3.0271001093917422,
      "precision_accuracy": 0.8861788617886179,
      "recall_accuracy": 0.9008264462809917,
      "best_f1": 0.896,
      "threshold_f1": 2.6653528638576205,
      "precision_f1": 0.8682170542635659,
      "recall_f1": 0.9256198347107438,
      "fpr_1pct": {
        "threshold": 4.862883711274052,
        "tpr": 0.38016528925619836,
        "fpr": 0.008547008547008548
      },
      "fpr_5pct": {
        "threshold": 2.1787609189748762,
        "tpr": 0.9504132231404959,
        "fpr": 0.049145299145299144
      },
      "n_pos": 121,
      "n_neg": 468
    },
    "clean_label": {
      "auroc": 0.9968890078560837,
      "pr_auc": 0.8934466334381599,
      "best_accuracy": 0.9898167006109979,
      "threshold_accuracy": 1.791720338145927,
      "precision_accuracy": 0.8114406779661016,
      "recall_accuracy": 0.9251207729468599,
      "best_f1": 0.8654708520179373,
      "threshold_f1": 1.7431678908566632,
      "precision_f1": 0.8075313807531381,
      "recall_f1": 0.9323671497584541,
      "fpr_1pct": {
        "threshold": 1.5353107123012129,
        "tpr": 0.9565217391304348,
        "fpr": 0.009938434476693053
      },
      "fpr_5pct": {
        "threshold": 0.5228318839418618,
        "tpr": 1.0,
        "fpr": 0.04995602462620932
      },
      "n_pos": 414,
      "n_neg": 11370
    },
    "auroc": 0.9834921885636283,
    "pr_auc": 0.5776304156184333,
    "best_accuracy": 0.9719521015832194,
    "threshold_accuracy": 4.16414916478879,
    "precision_accuracy": 0.6348547717842323,
    "recall_accuracy": 0.3695652173913043,
    "best_f1": 0.613896218117854,
    "threshold_f1": 2.2553244199071614,
    "precision_f1": 0.4827109266943292,
    "recall_f1": 0.8429951690821256,
    "fpr_1pct": {
      "threshold": 3.8934076046332335,
      "tpr": 0.4323671497584541,
      "fpr": 0.00997589159531133
    },
    "fpr_5pct": {
      "threshold": 1.2702111095190047,
      "tpr": 0.9782608695652174,
      "fpr": 0.049962590406517585
    },
    "n_pos_sentences": 414,
    "n_neg_sentences": 12029
  }
}