{
  "indicator_name": "Recognized-Problem Suppression",
  "probe_type": "linear",
  "label_mode": "span",
  "reasoning_only": false,
  "reasoning_positive_only": true,
  "training_data_path": "probe/data/v4_v2_6_combined_v2/recognized_problem_suppression.json",
  "n_positive_turns": 1006,
  "n_negative_turns": 1791,
  "detect_layers": [
    25
  ],
  "reg_coeff": 10.0,
  "normalize": true,
  "model_name": "qwen-35b",
  "timestamp": "20260616_193427",
  "val_thresholds": {
    "threshold_mode": "sentence",
    "span_overlap": {
      "auroc": 0.9603765756548631,
      "pr_auc": 0.554268753389642,
      "best_accuracy": 0.9586099444519712,
      "threshold_accuracy": 3.194706212076377,
      "precision_accuracy": 0.6120527306967984,
      "recall_accuracy": 0.4452054794520548,
      "best_f1": 0.6092560046865847,
      "threshold_f1": 2.1324240229346536,
      "precision_f1": 0.5322415557830092,
      "recall_f1": 0.7123287671232876,
      "fpr_1pct": {
        "threshold": 3.5218462375077335,
        "tpr": 0.3506849315068493,
        "fpr": 0.009977194982896237
      },
      "fpr_5pct": {
        "threshold": 1.4229925380620574,
        "tpr": 0.8082191780821918,
        "fpr": 0.04995724059293045
      },
      "n_pos": 730,
      "n_neg": 14032
    },
    "same_turn": {
      "auroc": 0.931773579311597,
      "pr_auc": 0.7658948281845505,
      "best_accuracy": 0.9239262972496952,
      "threshold_accuracy": 1.1943042260243288,
      "precision_accuracy": 0.8326388888888889,
      "recall_accuracy": 0.5761653051417588,
      "best_f1": 0.6999765423410744,
      "threshold_f1": 0.6573110989223783,
      "precision_f1": 0.6837763519706691,
      "recall_f1": 0.7169629985583854,
      "fpr_1pct": {
        "threshold": 1.7753171820725713,
        "tpr": 0.474291206150889,
        "fpr": 0.0099361249112846
      },
      "fpr_5pct": {
        "threshold": 0.7027383680177623,
        "tpr": 0.695819317635752,
        "fpr": 0.04999605709328917
      },
      "n_pos": 2081,
      "n_neg": 12681
    },
    "turn_level": {
      "auroc": 0.9788649706457926,
      "pr_auc": 0.9375486127194177,
      "best_accuracy": 0.9554367201426025,
      "threshold_accuracy": 2.7382044680416584,
      "precision_accuracy": 0.9014084507042254,
      "recall_accuracy": 0.9795918367346939,
      "best_f1": 0.938875305623472,
      "threshold_f1": 2.7382044680416584,
      "precision_f1": 0.9014084507042254,
      "recall_f1": 0.9795918367346939,
      "fpr_1pct": {
        "threshold": 4.47740965623122,
        "tpr": 0.35714285714285715,
        "fpr": 0.00821917808219178
      },
      "fpr_5pct": {
        "threshold": 2.957004909204053,
        "tpr": 0.9489795918367347,
        "fpr": 0.049315068493150684
      },
      "n_pos": 196,
      "n_neg": 365
    },
    "clean_label": {
      "auroc": 0.979745558288584,
      "pr_auc": 0.8187790750015363,
      "best_accuracy": 0.9780031317575125,
      "threshold_accuracy": 1.8331023649676985,
      "precision_accuracy": 0.8270676691729323,
      "recall_accuracy": 0.7534246575342466,
      "best_f1": 0.7885304659498208,
      "threshold_f1": 1.8331023649676985,
      "precision_f1": 0.8270676691729323,
      "recall_f1": 0.7534246575342466,
      "fpr_1pct": {
        "threshold": 1.7753171820725713,
        "tpr": 0.7575342465753425,
        "fpr": 0.0099361249112846
      },
      "fpr_5pct": {
        "threshold": 0.7027383680177623,
        "tpr": 0.9232876712328767,
        "fpr": 0.04999605709328917
      },
      "n_pos": 730,
      "n_neg": 12681
    },
    "auroc": 0.9603765756548631,
    "pr_auc": 0.554268753389642,
    "best_accuracy": 0.9586099444519712,
    "threshold_accuracy": 3.194706212076377,
    "precision_accuracy": 0.6120527306967984,
    "recall_accuracy": 0.4452054794520548,
    "best_f1": 0.6092560046865847,
    "threshold_f1": 2.1324240229346536,
    "precision_f1": 0.5322415557830092,
    "recall_f1": 0.7123287671232876,
    "fpr_1pct": {
      "threshold": 3.5218462375077335,
      "tpr": 0.3506849315068493,
      "fpr": 0.009977194982896237
    },
    "fpr_5pct": {
      "threshold": 1.4229925380620574,
      "tpr": 0.8082191780821918,
      "fpr": 0.04995724059293045
    },
    "n_pos_sentences": 730,
    "n_neg_sentences": 14032
  }
}