{
  "indicator_name": "Social-Pressure Compliance",
  "probe_type": "linear",
  "label_mode": "span",
  "reasoning_only": false,
  "reasoning_positive_only": true,
  "training_data_path": "probe/data/v4_v2_6_combined_v2/social_pressure_compliance.json",
  "n_positive_turns": 834,
  "n_negative_turns": 2530,
  "detect_layers": [
    25
  ],
  "reg_coeff": 10.0,
  "normalize": true,
  "model_name": "qwen-35b",
  "timestamp": "20260616_202717",
  "val_thresholds": {
    "threshold_mode": "sentence",
    "span_overlap": {
      "auroc": 0.9789810387909428,
      "pr_auc": 0.5836395195074927,
      "best_accuracy": 0.9741693084419396,
      "threshold_accuracy": 1.8388702908442134,
      "precision_accuracy": 0.5897435897435898,
      "recall_accuracy": 0.6330275229357798,
      "best_f1": 0.6373937677053825,
      "threshold_f1": 1.3046453793843589,
      "precision_f1": 0.5190311418685121,
      "recall_f1": 0.8256880733944955,
      "fpr_1pct": {
        "threshold": 2.133201569288607,
        "tpr": 0.44587155963302755,
        "fpr": 0.00994602462247559
      },
      "fpr_5pct": {
        "threshold": 0.6949431530199945,
        "tpr": 0.9376146788990826,
        "fpr": 0.04997270907877979
      },
      "n_pos": 545,
      "n_neg": 16489
    },
    "same_turn": {
      "auroc": 0.909288379138812,
      "pr_auc": 0.7189010213313902,
      "best_accuracy": 0.9428789479863802,
      "threshold_accuracy": 0.9287787011586304,
      "precision_accuracy": 0.8502722323049002,
      "recall_accuracy": 0.5369627507163324,
      "best_f1": 0.6729950900163666,
      "threshold_f1": 0.7136875860393047,
      "precision_f1": 0.7847328244274809,
      "recall_f1": 0.5891117478510028,
      "fpr_1pct": {
        "threshold": 0.9653380400397711,
        "tpr": 0.526647564469914,
        "fpr": 0.009941788213748446
      },
      "fpr_5pct": {
        "threshold": 0.4448240366966828,
        "tpr": 0.6802292263610316,
        "fpr": 0.04997056707436719
      },
      "n_pos": 1745,
      "n_neg": 15289
    },
    "turn_level": {
      "auroc": 0.9877789455674235,
      "pr_auc": 0.9470292105631737,
      "best_accuracy": 0.9593984962406015,
      "threshold_accuracy": 1.8352913296312319,
      "precision_accuracy": 0.9096385542168675,
      "recall_accuracy": 0.9263803680981595,
      "best_f1": 0.9194029850746268,
      "threshold_f1": 1.662473517885575,
      "precision_f1": 0.8953488372093024,
      "recall_f1": 0.9447852760736196,
      "fpr_1pct": {
        "threshold": 2.500161805559719,
        "tpr": 0.588957055214724,
        "fpr": 0.0099601593625498
      },
      "fpr_5pct": {
        "threshold": 1.4408120111069258,
        "tpr": 0.9754601226993865,
        "fpr": 0.049800796812749
      },
      "n_pos": 163,
      "n_neg": 502
    },
    "clean_label": {
      "auroc": 0.9907152770985437,
      "pr_auc": 0.8732154347728408,
      "best_accuracy": 0.988884678539851,
      "threshold_accuracy": 1.3046453793843589,
      "precision_accuracy": 0.847457627118644,
      "recall_accuracy": 0.8256880733944955,
      "best_f1": 0.8399280575539567,
      "threshold_f1": 1.1278184460742133,
      "precision_f1": 0.8236331569664903,
      "recall_f1": 0.8568807339449541,
      "fpr_1pct": {
        "threshold": 0.9653380400397711,
        "tpr": 0.8972477064220183,
        "fpr": 0.009941788213748446
      },
      "fpr_5pct": {
        "threshold": 0.4448240366966828,
        "tpr": 0.9614678899082569,
        "fpr": 0.04997056707436719
      },
      "n_pos": 545,
      "n_neg": 15289
    },
    "auroc": 0.9789810387909428,
    "pr_auc": 0.5836395195074927,
    "best_accuracy": 0.9741693084419396,
    "threshold_accuracy": 1.8388702908442134,
    "precision_accuracy": 0.5897435897435898,
    "recall_accuracy": 0.6330275229357798,
    "best_f1": 0.6373937677053825,
    "threshold_f1": 1.3046453793843589,
    "precision_f1": 0.5190311418685121,
    "recall_f1": 0.8256880733944955,
    "fpr_1pct": {
      "threshold": 2.133201569288607,
      "tpr": 0.44587155963302755,
      "fpr": 0.00994602462247559
    },
    "fpr_5pct": {
      "threshold": 0.6949431530199945,
      "tpr": 0.9376146788990826,
      "fpr": 0.04997270907877979
    },
    "n_pos_sentences": 545,
    "n_neg_sentences": 16489
  }
}