{
  "indicator_name": "Social-Pressure Compliance",
  "probe_type": "linear",
  "label_mode": "span",
  "reasoning_only": false,
  "reasoning_positive_only": true,
  "training_data_path": "/workspace-vast/kaiwen/persona_vectors/data_generation/probe/data/v4_v2_6_combined_v2/social_pressure_compliance.json",
  "n_positive_turns": 834,
  "n_negative_turns": 2530,
  "detect_layers": [
    29
  ],
  "reg_coeff": 10.0,
  "normalize": true,
  "model_name": "glm-9b-flash",
  "timestamp": "20260416_051929",
  "val_thresholds": {
    "threshold_mode": "sentence",
    "span_overlap": {
      "auroc": 0.978669066620137,
      "pr_auc": 0.5932066150152304,
      "best_accuracy": 0.9713457823567289,
      "threshold_accuracy": 1.7331086132033118,
      "precision_accuracy": 0.5912408759124088,
      "recall_accuracy": 0.5944954128440367,
      "best_f1": 0.6380543633762519,
      "threshold_f1": 1.2165436651656236,
      "precision_f1": 0.5228604923798359,
      "recall_f1": 0.818348623853211,
      "fpr_1pct": {
        "threshold": 1.9992030532522636,
        "tpr": 0.42201834862385323,
        "fpr": 0.009943276609943277
      },
      "fpr_5pct": {
        "threshold": 0.7044720819685608,
        "tpr": 0.9321100917431193,
        "fpr": 0.04998331664998332
      },
      "n_pos": 545,
      "n_neg": 14985
    },
    "same_turn": {
      "auroc": 0.9200795682363101,
      "pr_auc": 0.7414490273523827,
      "best_accuracy": 0.9383773341918866,
      "threshold_accuracy": 0.865555818964328,
      "precision_accuracy": 0.8675373134328358,
      "recall_accuracy": 0.5329512893982808,
      "best_f1": 0.6759758806728022,
      "threshold_f1": 0.6087026016786694,
      "precision_f1": 0.7574679943100996,
      "recall_f1": 0.6103151862464183,
      "fpr_1pct": {
        "threshold": 0.8821908695490233,
        "tpr": 0.526647564469914,
        "fpr": 0.009938338774029743
      },
      "fpr_5pct": {
        "threshold": 0.43023538168164943,
        "tpr": 0.6710601719197707,
        "fpr": 0.049981864345302864
      },
      "n_pos": 1745,
      "n_neg": 13785
    },
    "turn_level": {
      "auroc": 0.9898565248209615,
      "pr_auc": 0.9564695399513002,
      "best_accuracy": 0.9639097744360903,
      "threshold_accuracy": 1.6528155212844169,
      "precision_accuracy": 0.9161676646706587,
      "recall_accuracy": 0.9386503067484663,
      "best_f1": 0.9272727272727274,
      "threshold_f1": 1.6528155212844169,
      "precision_f1": 0.9161676646706587,
      "recall_f1": 0.9386503067484663,
      "fpr_1pct": {
        "threshold": 2.1424038575454194,
        "tpr": 0.7239263803680982,
        "fpr": 0.0099601593625498
      },
      "fpr_5pct": {
        "threshold": 1.2847448708755629,
        "tpr": 0.9754601226993865,
        "fpr": 0.049800796812749
      },
      "n_pos": 163,
      "n_neg": 502
    },
    "clean_label": {
      "auroc": 0.9918974553513492,
      "pr_auc": 0.8913241210009999,
      "best_accuracy": 0.9882763433356595,
      "threshold_accuracy": 1.2242292958710874,
      "precision_accuracy": 0.8674463937621832,
      "recall_accuracy": 0.8165137614678899,
      "best_f1": 0.8412098298676749,
      "threshold_f1": 1.2242292958710874,
      "precision_f1": 0.8674463937621832,
      "recall_f1": 0.8165137614678899,
      "fpr_1pct": {
        "threshold": 0.8831458670264554,
        "tpr": 0.8990825688073395,
        "fpr": 0.009938338774029743
      },
      "fpr_5pct": {
        "threshold": 0.430259998932126,
        "tpr": 0.9596330275229358,
        "fpr": 0.049981864345302864
      },
      "n_pos": 545,
      "n_neg": 13785
    },
    "auroc": 0.978669066620137,
    "pr_auc": 0.5932066150152304,
    "best_accuracy": 0.9713457823567289,
    "threshold_accuracy": 1.7331086132033118,
    "precision_accuracy": 0.5912408759124088,
    "recall_accuracy": 0.5944954128440367,
    "best_f1": 0.6380543633762519,
    "threshold_f1": 1.2165436651656236,
    "precision_f1": 0.5228604923798359,
    "recall_f1": 0.818348623853211,
    "fpr_1pct": {
      "threshold": 1.9992030532522636,
      "tpr": 0.42201834862385323,
      "fpr": 0.009943276609943277
    },
    "fpr_5pct": {
      "threshold": 0.7044720819685608,
      "tpr": 0.9321100917431193,
      "fpr": 0.04998331664998332
    },
    "n_pos_sentences": 545,
    "n_neg_sentences": 14985
  }
}