{
  "indicator_name": "Malicious Consequential Action Planning",
  "probe_type": "linear",
  "label_mode": "span",
  "reasoning_only": false,
  "reasoning_positive_only": true,
  "training_data_path": "/workspace-vast/kaiwen/persona_vectors/data_generation/probe/data/v4_v2_6_combined_v2/malicious_consequential_action_planning.json",
  "n_positive_turns": 390,
  "n_negative_turns": 689,
  "detect_layers": [
    27
  ],
  "reg_coeff": 10.0,
  "normalize": true,
  "model_name": "glm-9b-flash",
  "timestamp": "20260416_050124",
  "val_thresholds": {
    "threshold_mode": "sentence",
    "span_overlap": {
      "auroc": 0.9813633817907321,
      "pr_auc": 0.6580984614406804,
      "best_accuracy": 0.9738562091503268,
      "threshold_accuracy": 3.7089458293384974,
      "precision_accuracy": 0.6944444444444444,
      "recall_accuracy": 0.5555555555555556,
      "best_f1": 0.654911838790932,
      "threshold_f1": 3.0682939897442973,
      "precision_f1": 0.5990783410138248,
      "recall_f1": 0.7222222222222222,
      "fpr_1pct": {
        "threshold": 3.70682858663892,
        "tpr": 0.5555555555555556,
        "fpr": 0.009861932938856016
      },
      "fpr_5pct": {
        "threshold": 1.3410792545979158,
        "tpr": 0.95,
        "fpr": 0.049967126890203814
      },
      "n_pos": 180,
      "n_neg": 4563
    },
    "same_turn": {
      "auroc": 0.9437191894715673,
      "pr_auc": 0.78929800478922,
      "best_accuracy": 0.9529833438751845,
      "threshold_accuracy": 1.5046710118099496,
      "precision_accuracy": 0.8364116094986808,
      "recall_accuracy": 0.6631799163179917,
      "best_f1": 0.7499999999999999,
      "threshold_f1": 1.0078372663507857,
      "precision_f1": 0.759656652360515,
      "recall_f1": 0.7405857740585774,
      "fpr_1pct": {
        "threshold": 2.098889385175679,
        "tpr": 0.5794979079497908,
        "fpr": 0.00984759671746776
      },
      "fpr_5pct": {
        "threshold": 0.6681392363139561,
        "tpr": 0.7845188284518828,
        "fpr": 0.049941383352872216
      },
      "n_pos": 478,
      "n_neg": 4265
    },
    "turn_level": {
      "auroc": 0.957836932241251,
      "pr_auc": 0.9281226247700066,
      "best_accuracy": 0.8930232558139535,
      "threshold_accuracy": 3.2205750639691497,
      "precision_accuracy": 0.9,
      "recall_accuracy": 0.7974683544303798,
      "best_f1": 0.8651685393258427,
      "threshold_f1": 1.9899239140478047,
      "precision_f1": 0.7777777777777778,
      "recall_f1": 0.9746835443037974,
      "fpr_1pct": {
        "threshold": 4.833804562087461,
        "tpr": 0.4050632911392405,
        "fpr": 0.007352941176470588
      },
      "fpr_5pct": {
        "threshold": 3.385132011750506,
        "tpr": 0.7721518987341772,
        "fpr": 0.04411764705882353
      },
      "n_pos": 79,
      "n_neg": 136
    },
    "clean_label": {
      "auroc": 0.992560896183405,
      "pr_auc": 0.8985123164766617,
      "best_accuracy": 0.9860517435320585,
      "threshold_accuracy": 2.5937518135286295,
      "precision_accuracy": 0.8511904761904762,
      "recall_accuracy": 0.7944444444444444,
      "best_f1": 0.8372093023255814,
      "threshold_f1": 1.9306459956698947,
      "precision_f1": 0.782608695652174,
      "recall_f1": 0.9,
      "fpr_1pct": {
        "threshold": 2.1158136716756806,
        "tpr": 0.8777777777777778,
        "fpr": 0.00984759671746776
      },
      "fpr_5pct": {
        "threshold": 0.6681392363139561,
        "tpr": 0.9888888888888889,
        "fpr": 0.049941383352872216
      },
      "n_pos": 180,
      "n_neg": 4265
    },
    "auroc": 0.9813633817907321,
    "pr_auc": 0.6580984614406804,
    "best_accuracy": 0.9738562091503268,
    "threshold_accuracy": 3.7089458293384974,
    "precision_accuracy": 0.6944444444444444,
    "recall_accuracy": 0.5555555555555556,
    "best_f1": 0.654911838790932,
    "threshold_f1": 3.0682939897442973,
    "precision_f1": 0.5990783410138248,
    "recall_f1": 0.7222222222222222,
    "fpr_1pct": {
      "threshold": 3.70682858663892,
      "tpr": 0.5555555555555556,
      "fpr": 0.009861932938856016
    },
    "fpr_5pct": {
      "threshold": 1.3410792545979158,
      "tpr": 0.95,
      "fpr": 0.049967126890203814
    },
    "n_pos_sentences": 180,
    "n_neg_sentences": 4563
  }
}