{
  "indicator_name": "Distinct Self-Goal Representation",
  "probe_type": "linear",
  "label_mode": "span",
  "reasoning_only": false,
  "reasoning_positive_only": true,
  "training_data_path": "/workspace-vast/kaiwen/persona_vectors/data_generation/probe/data/v4_v2_6_combined_v2/distinct_self_goal_representation.json",
  "n_positive_turns": 786,
  "n_negative_turns": 1565,
  "detect_layers": [
    27
  ],
  "reg_coeff": 10.0,
  "normalize": true,
  "model_name": "glm-9b-flash",
  "timestamp": "20260416_052554",
  "val_thresholds": {
    "threshold_mode": "sentence",
    "span_overlap": {
      "auroc": 0.9815958191826243,
      "pr_auc": 0.6955241559413481,
      "best_accuracy": 0.9631046119235096,
      "threshold_accuracy": 2.9217403247989804,
      "precision_accuracy": 0.639921722113503,
      "recall_accuracy": 0.6942675159235668,
      "best_f1": 0.6929260450160772,
      "threshold_f1": 1.8210477126496178,
      "precision_f1": 0.5575679172056921,
      "recall_f1": 0.9150743099787686,
      "fpr_1pct": {
        "threshold": 3.8258828100349223,
        "tpr": 0.4437367303609342,
        "fpr": 0.009977431999049768
      },
      "fpr_5pct": {
        "threshold": 1.3904103195341695,
        "tpr": 0.9554140127388535,
        "fpr": 0.04988715999524884
      },
      "n_pos": 471,
      "n_neg": 8419
    },
    "same_turn": {
      "auroc": 0.9597229606042641,
      "pr_auc": 0.8880146193325454,
      "best_accuracy": 0.9620922384701912,
      "threshold_accuracy": 1.2508252570903635,
      "precision_accuracy": 0.9222343921139102,
      "recall_accuracy": 0.759927797833935,
      "best_f1": 0.8344988344988346,
      "threshold_f1": 0.8683880150318146,
      "precision_f1": 0.863066538090646,
      "recall_f1": 0.8077617328519856,
      "fpr_1pct": {
        "threshold": 1.2357698937958221,
        "tpr": 0.759927797833935,
        "fpr": 0.009894628630172193
      },
      "fpr_5pct": {
        "threshold": 0.49721874044549585,
        "tpr": 0.8655234657039711,
        "fpr": 0.04998714983294783
      },
      "n_pos": 1108,
      "n_neg": 7782
    },
    "turn_level": {
      "auroc": 0.9910828779419598,
      "pr_auc": 0.9766445039900636,
      "best_accuracy": 0.9678111587982833,
      "threshold_accuracy": 2.0242621993273495,
      "precision_accuracy": 0.9202127659574468,
      "recall_accuracy": 1.0,
      "best_f1": 0.9584487534626039,
      "threshold_f1": 2.0242621993273495,
      "precision_f1": 0.9202127659574468,
      "recall_f1": 1.0,
      "fpr_1pct": {
        "threshold": 4.124328170052339,
        "tpr": 0.7109826589595376,
        "fpr": 0.006825938566552901
      },
      "fpr_5pct": {
        "threshold": 2.1481379497958266,
        "tpr": 0.9884393063583815,
        "fpr": 0.04778156996587031
      },
      "n_pos": 173,
      "n_neg": 293
    },
    "clean_label": {
      "auroc": 0.9972417157346611,
      "pr_auc": 0.9599167856825763,
      "best_accuracy": 0.9923664122137404,
      "threshold_accuracy": 1.681410513656295,
      "precision_accuracy": 0.930379746835443,
      "recall_accuracy": 0.9363057324840764,
      "best_f1": 0.9333333333333332,
      "threshold_f1": 1.681410513656295,
      "precision_f1": 0.930379746835443,
      "recall_f1": 0.9363057324840764,
      "fpr_1pct": {
        "threshold": 1.2357698937958221,
        "tpr": 0.9681528662420382,
        "fpr": 0.009894628630172193
      },
      "fpr_5pct": {
        "threshold": 0.49721874044549585,
        "tpr": 0.9936305732484076,
        "fpr": 0.04998714983294783
      },
      "n_pos": 471,
      "n_neg": 7782
    },
    "auroc": 0.9815958191826243,
    "pr_auc": 0.6955241559413481,
    "best_accuracy": 0.9631046119235096,
    "threshold_accuracy": 2.9217403247989804,
    "precision_accuracy": 0.639921722113503,
    "recall_accuracy": 0.6942675159235668,
    "best_f1": 0.6929260450160772,
    "threshold_f1": 1.8210477126496178,
    "precision_f1": 0.5575679172056921,
    "recall_f1": 0.9150743099787686,
    "fpr_1pct": {
      "threshold": 3.8258828100349223,
      "tpr": 0.4437367303609342,
      "fpr": 0.009977431999049768
    },
    "fpr_5pct": {
      "threshold": 1.3904103195341695,
      "tpr": 0.9554140127388535,
      "fpr": 0.04988715999524884
    },
    "n_pos_sentences": 471,
    "n_neg_sentences": 8419
  }
}