{
  "indicator_name": "Error Calibration",
  "probe_type": "linear",
  "label_mode": "span",
  "reasoning_only": false,
  "reasoning_positive_only": true,
  "training_data_path": "/workspace-vast/kaiwen/persona_vectors/data_generation/probe/data/v4_v2_6_combined_v2/error_calibration.json",
  "n_positive_turns": 696,
  "n_negative_turns": 1792,
  "detect_layers": [
    27
  ],
  "reg_coeff": 10.0,
  "normalize": true,
  "model_name": "glm-9b-flash",
  "timestamp": "20260416_053501",
  "val_thresholds": {
    "threshold_mode": "sentence",
    "span_overlap": {
      "auroc": 0.9825401780198296,
      "pr_auc": 0.6492276881012264,
      "best_accuracy": 0.9661362709098327,
      "threshold_accuracy": 3.6717365114461806,
      "precision_accuracy": 0.642495784148398,
      "recall_accuracy": 0.5712143928035982,
      "best_f1": 0.6703910614525139,
      "threshold_f1": 2.7743506290643785,
      "precision_f1": 0.5720338983050848,
      "recall_f1": 0.8095952023988006,
      "fpr_1pct": {
        "threshold": 4.11439362130104,
        "tpr": 0.42128935532233885,
        "fpr": 0.009972220243607095
      },
      "fpr_5pct": {
        "threshold": 1.8649233335756366,
        "tpr": 0.95952023988006,
        "fpr": 0.04993233136263266
      },
      "n_pos": 667,
      "n_neg": 14039
    },
    "same_turn": {
      "auroc": 0.9615696939250881,
      "pr_auc": 0.8699353979467312,
      "best_accuracy": 0.9566843465252278,
      "threshold_accuracy": 1.8269594383854715,
      "precision_accuracy": 0.9003690036900369,
      "recall_accuracy": 0.7084785133565621,
      "best_f1": 0.8010688836104514,
      "threshold_f1": 1.2097196907599144,
      "precision_f1": 0.8195625759416768,
      "recall_f1": 0.7833914053426249,
      "fpr_1pct": {
        "threshold": 1.8661807491665794,
        "tpr": 0.7032520325203252,
        "fpr": 0.009935304990757857
      },
      "fpr_5pct": {
        "threshold": 0.7560957561082176,
        "tpr": 0.8455284552845529,
        "fpr": 0.04998459642637092
      },
      "n_pos": 1722,
      "n_neg": 12984
    },
    "turn_level": {
      "auroc": 0.9941479865106129,
      "pr_auc": 0.9822396698622173,
      "best_accuracy": 0.9698189134808853,
      "threshold_accuracy": 3.380000345333658,
      "precision_accuracy": 0.9635036496350365,
      "recall_accuracy": 0.9295774647887324,
      "best_f1": 0.9488054607508534,
      "threshold_f1": 2.991763897014387,
      "precision_f1": 0.9205298013245033,
      "recall_f1": 0.9788732394366197,
      "fpr_1pct": {
        "threshold": 3.876320194324543,
        "tpr": 0.8450704225352113,
        "fpr": 0.008450704225352112
      },
      "fpr_5pct": {
        "threshold": 2.760969650263738,
        "tpr": 1.0,
        "fpr": 0.04788732394366197
      },
      "n_pos": 142,
      "n_neg": 355
    },
    "clean_label": {
      "auroc": 0.9976329995815401,
      "pr_auc": 0.9564875529298512,
      "best_accuracy": 0.9901838693136034,
      "threshold_accuracy": 2.1302523951074392,
      "precision_accuracy": 0.8790896159317212,
      "recall_accuracy": 0.9265367316341829,
      "best_f1": 0.9021897810218977,
      "threshold_f1": 2.1302523951074392,
      "precision_f1": 0.8790896159317212,
      "recall_f1": 0.9265367316341829,
      "fpr_1pct": {
        "threshold": 1.8725536206179871,
        "tpr": 0.95952023988006,
        "fpr": 0.009935304990757857
      },
      "fpr_5pct": {
        "threshold": 0.7560957561082176,
        "tpr": 0.9955022488755623,
        "fpr": 0.04998459642637092
      },
      "n_pos": 667,
      "n_neg": 12984
    },
    "auroc": 0.9825401780198296,
    "pr_auc": 0.6492276881012264,
    "best_accuracy": 0.9661362709098327,
    "threshold_accuracy": 3.6717365114461806,
    "precision_accuracy": 0.642495784148398,
    "recall_accuracy": 0.5712143928035982,
    "best_f1": 0.6703910614525139,
    "threshold_f1": 2.7743506290643785,
    "precision_f1": 0.5720338983050848,
    "recall_f1": 0.8095952023988006,
    "fpr_1pct": {
      "threshold": 4.11439362130104,
      "tpr": 0.42128935532233885,
      "fpr": 0.009972220243607095
    },
    "fpr_5pct": {
      "threshold": 1.8649233335756366,
      "tpr": 0.95952023988006,
      "fpr": 0.04993233136263266
    },
    "n_pos_sentences": 667,
    "n_neg_sentences": 14039
  }
}