{
  "indicator_name": "Action Concealment",
  "probe_type": "linear",
  "label_mode": "span",
  "reasoning_only": false,
  "reasoning_positive_only": true,
  "training_data_path": "/workspace-vast/kaiwen/persona_vectors/data_generation/probe/data/v4_v2_6_combined_v2/action_concealment.json",
  "n_positive_turns": 661,
  "n_negative_turns": 1358,
  "detect_layers": [
    29
  ],
  "reg_coeff": 10.0,
  "normalize": true,
  "model_name": "glm-9b-flash",
  "timestamp": "20260416_050243",
  "val_thresholds": {
    "threshold_mode": "sentence",
    "span_overlap": {
      "auroc": 0.9848364270272849,
      "pr_auc": 0.6948770823647499,
      "best_accuracy": 0.9673842139595564,
      "threshold_accuracy": 2.726063874851951,
      "precision_accuracy": 0.6416666666666667,
      "recall_accuracy": 0.7979274611398963,
      "best_f1": 0.7213822894168467,
      "threshold_f1": 2.5120346501928754,
      "precision_f1": 0.6185185185185185,
      "recall_f1": 0.8652849740932642,
      "fpr_1pct": {
        "threshold": 3.6759219552789415,
        "tpr": 0.4896373056994819,
        "fpr": 0.00989146860832532
      },
      "fpr_5pct": {
        "threshold": 1.8005471126391337,
        "tpr": 0.9637305699481865,
        "fpr": 0.049869487566973486
      },
      "n_pos": 386,
      "n_neg": 7279
    },
    "same_turn": {
      "auroc": 0.9366972444415975,
      "pr_auc": 0.8322063640551796,
      "best_accuracy": 0.9509458577951728,
      "threshold_accuracy": 1.271380472176692,
      "precision_accuracy": 0.8735362997658079,
      "recall_accuracy": 0.7357001972386588,
      "best_f1": 0.7987152034261243,
      "threshold_f1": 1.271380472176692,
      "precision_f1": 0.8735362997658079,
      "recall_f1": 0.7357001972386588,
      "fpr_1pct": {
        "threshold": 1.8005471126391337,
        "tpr": 0.6597633136094675,
        "fpr": 0.009923319801533603
      },
      "fpr_5pct": {
        "threshold": 0.6957864943477843,
        "tpr": 0.8067061143984221,
        "fpr": 0.049917305668320554
      },
      "n_pos": 1014,
      "n_neg": 6651
    },
    "turn_level": {
      "auroc": 0.985555741453349,
      "pr_auc": 0.9572540051855087,
      "best_accuracy": 0.9606879606879607,
      "threshold_accuracy": 2.5154505261242632,
      "precision_accuracy": 0.8951048951048951,
      "recall_accuracy": 0.9922480620155039,
      "best_f1": 0.9411764705882353,
      "threshold_f1": 2.5154505261242632,
      "precision_f1": 0.8951048951048951,
      "recall_f1": 0.9922480620155039,
      "fpr_1pct": {
        "threshold": 4.369050736551161,
        "tpr": 0.5038759689922481,
        "fpr": 0.007194244604316547
      },
      "fpr_5pct": {
        "threshold": 2.7777352003225433,
        "tpr": 0.9612403100775194,
        "fpr": 0.046762589928057555
      },
      "n_pos": 129,
      "n_neg": 278
    },
    "clean_label": {
      "auroc": 0.9972913029557284,
      "pr_auc": 0.9399067692133195,
      "best_accuracy": 0.9894841551797641,
      "threshold_accuracy": 2.1338422720630965,
      "precision_accuracy": 0.8823529411764706,
      "recall_accuracy": 0.9326424870466321,
      "best_f1": 0.906801007556675,
      "threshold_f1": 2.1338422720630965,
      "precision_f1": 0.8823529411764706,
      "recall_f1": 0.9326424870466321,
      "fpr_1pct": {
        "threshold": 1.8019867366866062,
        "tpr": 0.9637305699481865,
        "fpr": 0.009923319801533603
      },
      "fpr_5pct": {
        "threshold": 0.6957864943477843,
        "tpr": 1.0,
        "fpr": 0.049917305668320554
      },
      "n_pos": 386,
      "n_neg": 6651
    },
    "auroc": 0.9848364270272849,
    "pr_auc": 0.6948770823647499,
    "best_accuracy": 0.9673842139595564,
    "threshold_accuracy": 2.726063874851951,
    "precision_accuracy": 0.6416666666666667,
    "recall_accuracy": 0.7979274611398963,
    "best_f1": 0.7213822894168467,
    "threshold_f1": 2.5120346501928754,
    "precision_f1": 0.6185185185185185,
    "recall_f1": 0.8652849740932642,
    "fpr_1pct": {
      "threshold": 3.6759219552789415,
      "tpr": 0.4896373056994819,
      "fpr": 0.00989146860832532
    },
    "fpr_5pct": {
      "threshold": 1.8005471126391337,
      "tpr": 0.9637305699481865,
      "fpr": 0.049869487566973486
    },
    "n_pos_sentences": 386,
    "n_neg_sentences": 7279
  }
}