{
  "indicator_name": "Concerns on Self-Existence",
  "probe_type": "linear",
  "label_mode": "span",
  "reasoning_only": false,
  "reasoning_positive_only": true,
  "training_data_path": "probe/data/v4_v2_6_combined_v2/concerns_on_self_existence.json",
  "n_positive_turns": 813,
  "n_negative_turns": 1695,
  "detect_layers": [
    25
  ],
  "reg_coeff": 10.0,
  "normalize": true,
  "model_name": "qwen-35b",
  "timestamp": "20260616_181836",
  "val_thresholds": {
    "threshold_mode": "sentence",
    "span_overlap": {
      "auroc": 0.9844780200296986,
      "pr_auc": 0.6116687522547174,
      "best_accuracy": 0.9768563162970106,
      "threshold_accuracy": 4.102068022581247,
      "precision_accuracy": 0.6587677725118484,
      "recall_accuracy": 0.4199395770392749,
      "best_f1": 0.6,
      "threshold_f1": 2.9468330130765312,
      "precision_f1": 0.49899799599198397,
      "recall_f1": 0.7522658610271903,
      "fpr_1pct": {
        "threshold": 3.755571963265538,
        "tpr": 0.513595166163142,
        "fpr": 0.00993138317081979
      },
      "fpr_5pct": {
        "threshold": 1.6488259869620083,
        "tpr": 0.9577039274924471,
        "fpr": 0.04992777175875768
      },
      "n_pos": 331,
      "n_neg": 11076
    },
    "same_turn": {
      "auroc": 0.963202598326191,
      "pr_auc": 0.8520235199221287,
      "best_accuracy": 0.9649338125712282,
      "threshold_accuracy": 1.4538567495066672,
      "precision_accuracy": 0.882921589688507,
      "recall_accuracy": 0.738544474393531,
      "best_f1": 0.8115808823529412,
      "threshold_f1": 1.1030225919989438,
      "precision_f1": 0.8306679209783632,
      "recall_f1": 0.793351302785265,
      "fpr_1pct": {
        "threshold": 1.513965930789709,
        "tpr": 0.7214734950584007,
        "fpr": 0.00990868467068195
      },
      "fpr_5pct": {
        "threshold": 0.5700795132000767,
        "tpr": 0.8733153638814016,
        "fpr": 0.04993199922284826
      },
      "n_pos": 1113,
      "n_neg": 10294
    },
    "turn_level": {
      "auroc": 0.9827929362379678,
      "pr_auc": 0.949759243910451,
      "best_accuracy": 0.9520958083832335,
      "threshold_accuracy": 2.5509316985253934,
      "precision_accuracy": 0.9022988505747126,
      "recall_accuracy": 0.9573170731707317,
      "best_f1": 0.9310344827586207,
      "threshold_f1": 2.0329118054936925,
      "precision_f1": 0.8804347826086957,
      "recall_f1": 0.9878048780487805,
      "fpr_1pct": {
        "threshold": 4.757646605703566,
        "tpr": 0.4878048780487805,
        "fpr": 0.008902077151335312
      },
      "fpr_5pct": {
        "threshold": 2.7674315560040217,
        "tpr": 0.9390243902439024,
        "fpr": 0.04747774480712166
      },
      "n_pos": 164,
      "n_neg": 337
    },
    "clean_label": {
      "auroc": 0.9975382368634063,
      "pr_auc": 0.9121985405904693,
      "best_accuracy": 0.9919058823529412,
      "threshold_accuracy": 2.2102141997791254,
      "precision_accuracy": 0.8490028490028491,
      "recall_accuracy": 0.9003021148036254,
      "best_f1": 0.873900293255132,
      "threshold_f1": 2.2102141997791254,
      "precision_f1": 0.8490028490028491,
      "recall_f1": 0.9003021148036254,
      "fpr_1pct": {
        "threshold": 1.513965930789709,
        "tpr": 0.9607250755287009,
        "fpr": 0.00990868467068195
      },
      "fpr_5pct": {
        "threshold": 0.5700795132000767,
        "tpr": 1.0,
        "fpr": 0.04993199922284826
      },
      "n_pos": 331,
      "n_neg": 10294
    },
    "auroc": 0.9844780200296986,
    "pr_auc": 0.6116687522547174,
    "best_accuracy": 0.9768563162970106,
    "threshold_accuracy": 4.102068022581247,
    "precision_accuracy": 0.6587677725118484,
    "recall_accuracy": 0.4199395770392749,
    "best_f1": 0.6,
    "threshold_f1": 2.9468330130765312,
    "precision_f1": 0.49899799599198397,
    "recall_f1": 0.7522658610271903,
    "fpr_1pct": {
      "threshold": 3.755571963265538,
      "tpr": 0.513595166163142,
      "fpr": 0.00993138317081979
    },
    "fpr_5pct": {
      "threshold": 1.6488259869620083,
      "tpr": 0.9577039274924471,
      "fpr": 0.04992777175875768
    },
    "n_pos_sentences": 331,
    "n_neg_sentences": 11076
  }
}