{
  "indicator_name": "Error Calibration",
  "probe_type": "linear",
  "label_mode": "span",
  "reasoning_only": false,
  "reasoning_positive_only": true,
  "training_data_path": "probe/data/v4_v2_6_combined_v2/error_calibration.json",
  "n_positive_turns": 696,
  "n_negative_turns": 1792,
  "detect_layers": [
    23
  ],
  "reg_coeff": 10.0,
  "normalize": true,
  "model_name": "qwen-35b",
  "timestamp": "20260616_184113",
  "val_thresholds": {
    "threshold_mode": "sentence",
    "span_overlap": {
      "auroc": 0.9826562682107496,
      "pr_auc": 0.6499492278579915,
      "best_accuracy": 0.9673409854778363,
      "threshold_accuracy": 4.259399007800861,
      "precision_accuracy": 0.6563786008230452,
      "recall_accuracy": 0.4782608695652174,
      "best_f1": 0.6494845360824741,
      "threshold_f1": 2.7712920017288503,
      "precision_f1": 0.5254865616311399,
      "recall_f1": 0.8500749625187406,
      "fpr_1pct": {
        "threshold": 4.354628928381987,
        "tpr": 0.4452773613193403,
        "fpr": 0.009998675672096412
      },
      "fpr_5pct": {
        "threshold": 1.8507292881608008,
        "tpr": 0.9580209895052474,
        "fpr": 0.04999337836048205
      },
      "n_pos": 667,
      "n_neg": 15102
    },
    "same_turn": {
      "auroc": 0.9608540831108969,
      "pr_auc": 0.8619126255081144,
      "best_accuracy": 0.9594774557676454,
      "threshold_accuracy": 1.5035267143759192,
      "precision_accuracy": 0.8495803744351195,
      "recall_accuracy": 0.7642276422764228,
      "best_f1": 0.8058982846825159,
      "threshold_f1": 1.4023840980348634,
      "precision_f1": 0.8363522798251093,
      "recall_f1": 0.7775842044134728,
      "fpr_1pct": {
        "threshold": 1.9812555962648148,
        "tpr": 0.6962833914053427,
        "fpr": 0.009966540898412472
      },
      "fpr_5pct": {
        "threshold": 0.7601606473326683,
        "tpr": 0.8536585365853658,
        "fpr": 0.04997508364775397
      },
      "n_pos": 1722,
      "n_neg": 14047
    },
    "turn_level": {
      "auroc": 0.9893275143820671,
      "pr_auc": 0.9719375449294185,
      "best_accuracy": 0.9517102615694165,
      "threshold_accuracy": 3.733753931113318,
      "precision_accuracy": 0.9097222222222222,
      "recall_accuracy": 0.9225352112676056,
      "best_f1": 0.916083916083916,
      "threshold_f1": 3.733753931113318,
      "precision_f1": 0.9097222222222222,
      "recall_f1": 0.9225352112676056,
      "fpr_1pct": {
        "threshold": 4.597360669431232,
        "tpr": 0.7605633802816901,
        "fpr": 0.008450704225352112
      },
      "fpr_5pct": {
        "threshold": 3.6836352186859944,
        "tpr": 0.9225352112676056,
        "fpr": 0.04788732394366197
      },
      "n_pos": 142,
      "n_neg": 355
    },
    "clean_label": {
      "auroc": 0.9970286089246969,
      "pr_auc": 0.9363453529087237,
      "best_accuracy": 0.9888541525078157,
      "threshold_accuracy": 2.3999711023100883,
      "precision_accuracy": 0.8587731811697575,
      "recall_accuracy": 0.9025487256371814,
      "best_f1": 0.8814762242725336,
      "threshold_f1": 2.1806062100455166,
      "precision_f1": 0.8369272237196765,
      "recall_f1": 0.9310344827586207,
      "fpr_1pct": {
        "threshold": 1.9812555962648148,
        "tpr": 0.9490254872563718,
        "fpr": 0.009966540898412472
      },
      "fpr_5pct": {
        "threshold": 0.7601606473326683,
        "tpr": 0.9970014992503748,
        "fpr": 0.04997508364775397
      },
      "n_pos": 667,
      "n_neg": 14047
    },
    "auroc": 0.9826562682107496,
    "pr_auc": 0.6499492278579915,
    "best_accuracy": 0.9673409854778363,
    "threshold_accuracy": 4.259399007800861,
    "precision_accuracy": 0.6563786008230452,
    "recall_accuracy": 0.4782608695652174,
    "best_f1": 0.6494845360824741,
    "threshold_f1": 2.7712920017288503,
    "precision_f1": 0.5254865616311399,
    "recall_f1": 0.8500749625187406,
    "fpr_1pct": {
      "threshold": 4.354628928381987,
      "tpr": 0.4452773613193403,
      "fpr": 0.009998675672096412
    },
    "fpr_5pct": {
      "threshold": 1.8507292881608008,
      "tpr": 0.9580209895052474,
      "fpr": 0.04999337836048205
    },
    "n_pos_sentences": 667,
    "n_neg_sentences": 15102
  }
}