{
  "indicator_name": "Self-Preserving Advocacy",
  "probe_type": "linear",
  "label_mode": "span",
  "reasoning_only": false,
  "reasoning_positive_only": true,
  "training_data_path": "probe/data/v4_v2_6_combined_v2/self_preserving_advocacy.json",
  "n_positive_turns": 892,
  "n_negative_turns": 2036,
  "detect_layers": [
    23
  ],
  "reg_coeff": 10.0,
  "normalize": true,
  "model_name": "qwen-35b",
  "timestamp": "20260616_201240",
  "val_thresholds": {
    "threshold_mode": "sentence",
    "span_overlap": {
      "auroc": 0.984831540865701,
      "pr_auc": 0.6043361558911456,
      "best_accuracy": 0.97053969301865,
      "threshold_accuracy": 4.494135440564623,
      "precision_accuracy": 0.6360294117647058,
      "recall_accuracy": 0.4013921113689095,
      "best_f1": 0.656641604010025,
      "threshold_f1": 2.5488242010275526,
      "precision_f1": 0.5130548302872062,
      "recall_f1": 0.9118329466357309,
      "fpr_1pct": {
        "threshold": 4.363410910328728,
        "tpr": 0.43155452436194897,
        "fpr": 0.009925558312655087
      },
      "fpr_5pct": {
        "threshold": 1.3333211434497074,
        "tpr": 0.988399071925754,
        "fpr": 0.049970052194746296
      },
      "n_pos": 431,
      "n_neg": 11687
    },
    "same_turn": {
      "auroc": 0.9775746125592213,
      "pr_auc": 0.8890272251516226,
      "best_accuracy": 0.9719425647796666,
      "threshold_accuracy": 1.6282819139709075,
      "precision_accuracy": 0.9165775401069519,
      "recall_accuracy": 0.7658623771224308,
      "best_f1": 0.8438934802571166,
      "threshold_f1": 1.2188345359431372,
      "precision_f1": 0.8677998111425873,
      "recall_f1": 0.8212689901697945,
      "fpr_1pct": {
        "threshold": 1.3785892786539118,
        "tpr": 0.7864164432529044,
        "fpr": 0.009909991817437949
      },
      "fpr_5pct": {
        "threshold": 0.5999221710360002,
        "tpr": 0.9106344950848972,
        "fpr": 0.04991362851168288
      },
      "n_pos": 1119,
      "n_neg": 10999
    },
    "turn_level": {
      "auroc": 0.9899606566273232,
      "pr_auc": 0.9657144447866086,
      "best_accuracy": 0.9744463373083475,
      "threshold_accuracy": 2.7006413641513562,
      "precision_accuracy": 0.93717277486911,
      "recall_accuracy": 0.9835164835164835,
      "best_f1": 0.960212201591512,
      "threshold_f1": 2.424989902973175,
      "precision_f1": 0.9282051282051282,
      "recall_f1": 0.9945054945054945,
      "fpr_1pct": {
        "threshold": 4.906836104311703,
        "tpr": 0.5659340659340659,
        "fpr": 0.009876543209876543
      },
      "fpr_5pct": {
        "threshold": 1.8820326159622114,
        "tpr": 1.0,
        "fpr": 0.04938271604938271
      },
      "n_pos": 182,
      "n_neg": 405
    },
    "clean_label": {
      "auroc": 0.9982156150453669,
      "pr_auc": 0.9373208392242701,
      "best_accuracy": 0.9943132108486439,
      "threshold_accuracy": 2.0742311249528607,
      "precision_accuracy": 0.8927038626609443,
      "recall_accuracy": 0.9651972157772621,
      "best_f1": 0.9280177187153932,
      "threshold_f1": 1.9561934834520487,
      "precision_f1": 0.8877118644067796,
      "recall_f1": 0.9721577726218097,
      "fpr_1pct": {
        "threshold": 1.3785892786539118,
        "tpr": 0.9860788863109049,
        "fpr": 0.009909991817437949
      },
      "fpr_5pct": {
        "threshold": 0.5999221710360002,
        "tpr": 1.0,
        "fpr": 0.04991362851168288
      },
      "n_pos": 431,
      "n_neg": 10999
    },
    "auroc": 0.984831540865701,
    "pr_auc": 0.6043361558911456,
    "best_accuracy": 0.97053969301865,
    "threshold_accuracy": 4.494135440564623,
    "precision_accuracy": 0.6360294117647058,
    "recall_accuracy": 0.4013921113689095,
    "best_f1": 0.656641604010025,
    "threshold_f1": 2.5488242010275526,
    "precision_f1": 0.5130548302872062,
    "recall_f1": 0.9118329466357309,
    "fpr_1pct": {
      "threshold": 4.363410910328728,
      "tpr": 0.43155452436194897,
      "fpr": 0.009925558312655087
    },
    "fpr_5pct": {
      "threshold": 1.3333211434497074,
      "tpr": 0.988399071925754,
      "fpr": 0.049970052194746296
    },
    "n_pos_sentences": 431,
    "n_neg_sentences": 11687
  }
}