{
  "indicator_name": "Self-Preservation Rationalization",
  "probe_type": "linear",
  "label_mode": "span",
  "reasoning_only": false,
  "reasoning_positive_only": true,
  "training_data_path": "/workspace-vast/kaiwen/persona_vectors/data_generation/probe/data/v4_v2_6_combined_v2/self_preservation_rationalization.json",
  "n_positive_turns": 982,
  "n_negative_turns": 2447,
  "detect_layers": [
    29
  ],
  "reg_coeff": 10.0,
  "normalize": true,
  "model_name": "glm-9b-flash",
  "timestamp": "20260416_055623",
  "val_thresholds": {
    "threshold_mode": "sentence",
    "span_overlap": {
      "auroc": 0.9770813585109358,
      "pr_auc": 0.4076055157125702,
      "best_accuracy": 0.9741172950329144,
      "threshold_accuracy": 3.408723737796148,
      "precision_accuracy": 0.8888888888888888,
      "recall_accuracy": 0.0226628895184136,
      "best_f1": 0.5147410358565737,
      "threshold_f1": 1.312818487174809,
      "precision_f1": 0.3580931263858093,
      "recall_f1": 0.9150141643059491,
      "fpr_1pct": {
        "threshold": 2.4050086150436023,
        "tpr": 0.26912181303116145,
        "fpr": 0.009988474836726853
      },
      "fpr_5pct": {
        "threshold": 1.14137168928153,
        "tpr": 0.9518413597733711,
        "fpr": 0.049942374183634265
      },
      "n_pos": 353,
      "n_neg": 13015
    },
    "same_turn": {
      "auroc": 0.9707025634552922,
      "pr_auc": 0.8946830802091947,
      "best_accuracy": 0.9742669060442849,
      "threshold_accuracy": 0.7757378077814503,
      "precision_accuracy": 0.8887070376432079,
      "recall_accuracy": 0.839258114374034,
      "best_f1": 0.864024864024864,
      "threshold_f1": 0.7118544924051915,
      "precision_f1": 0.86875,
      "recall_f1": 0.8593508500772797,
      "fpr_1pct": {
        "threshold": 0.8340220897180306,
        "tpr": 0.8253477588871716,
        "fpr": 0.009938711280437303
      },
      "fpr_5pct": {
        "threshold": 0.38160620170821946,
        "tpr": 0.9126738794435858,
        "fpr": 0.04994202418419745
      },
      "n_pos": 1294,
      "n_neg": 12074
    },
    "turn_level": {
      "auroc": 0.9916088221566817,
      "pr_auc": 0.9661911565244503,
      "best_accuracy": 0.9729344729344729,
      "threshold_accuracy": 1.3966245541969935,
      "precision_accuracy": 0.9292452830188679,
      "recall_accuracy": 0.9800995024875622,
      "best_f1": 0.9542168674698795,
      "threshold_f1": 1.3441405818271983,
      "precision_f1": 0.9252336448598131,
      "recall_f1": 0.9850746268656716,
      "fpr_1pct": {
        "threshold": 2.270532510399279,
        "tpr": 0.7263681592039801,
        "fpr": 0.00998003992015968
      },
      "fpr_5pct": {
        "threshold": 1.0737378358274525,
        "tpr": 1.0,
        "fpr": 0.0499001996007984
      },
      "n_pos": 201,
      "n_neg": 501
    },
    "clean_label": {
      "auroc": 0.9981535019410519,
      "pr_auc": 0.9155996016677876,
      "best_accuracy": 0.9941256940532711,
      "threshold_accuracy": 1.2736996155159148,
      "precision_accuracy": 0.8723404255319149,
      "recall_accuracy": 0.9291784702549575,
      "best_f1": 0.900804289544236,
      "threshold_f1": 1.152239608939762,
      "precision_f1": 0.8549618320610687,
      "recall_f1": 0.9518413597733711,
      "fpr_1pct": {
        "threshold": 0.8351571453057907,
        "tpr": 0.9886685552407932,
        "fpr": 0.009938711280437303
      },
      "fpr_5pct": {
        "threshold": 0.38160620170821946,
        "tpr": 1.0,
        "fpr": 0.04994202418419745
      },
      "n_pos": 353,
      "n_neg": 12074
    },
    "auroc": 0.9770813585109358,
    "pr_auc": 0.4076055157125702,
    "best_accuracy": 0.9741172950329144,
    "threshold_accuracy": 3.408723737796148,
    "precision_accuracy": 0.8888888888888888,
    "recall_accuracy": 0.0226628895184136,
    "best_f1": 0.5147410358565737,
    "threshold_f1": 1.312818487174809,
    "precision_f1": 0.3580931263858093,
    "recall_f1": 0.9150141643059491,
    "fpr_1pct": {
      "threshold": 2.4050086150436023,
      "tpr": 0.26912181303116145,
      "fpr": 0.009988474836726853
    },
    "fpr_5pct": {
      "threshold": 1.14137168928153,
      "tpr": 0.9518413597733711,
      "fpr": 0.049942374183634265
    },
    "n_pos_sentences": 353,
    "n_neg_sentences": 13015
  }
}