{
  "indicator_name": "Recognized-Problem Suppression",
  "probe_type": "linear",
  "label_mode": "span",
  "reasoning_only": false,
  "reasoning_positive_only": true,
  "training_data_path": "/workspace-vast/kaiwen/persona_vectors/data_generation/probe/data/v4_v2_6_combined_v2/recognized_problem_suppression.json",
  "n_positive_turns": 1006,
  "n_negative_turns": 1791,
  "detect_layers": [
    29
  ],
  "reg_coeff": 10.0,
  "normalize": true,
  "model_name": "glm-9b-flash",
  "timestamp": "20260416_053316",
  "val_thresholds": {
    "threshold_mode": "sentence",
    "span_overlap": {
      "auroc": 0.9557984432672118,
      "pr_auc": 0.5177146275381995,
      "best_accuracy": 0.9538405267008047,
      "threshold_accuracy": 2.862441232343289,
      "precision_accuracy": 0.5827702702702703,
      "recall_accuracy": 0.4732510288065844,
      "best_f1": 0.6153846153846154,
      "threshold_f1": 1.8745503882567087,
      "precision_f1": 0.5235803657362849,
      "recall_f1": 0.7462277091906722,
      "fpr_1pct": {
        "threshold": 3.4882451244762964,
        "tpr": 0.2496570644718793,
        "fpr": 0.009968317749787497
      },
      "fpr_5pct": {
        "threshold": 1.4912706711070132,
        "tpr": 0.7983539094650206,
        "fpr": 0.04999613631094969
      },
      "n_pos": 729,
      "n_neg": 12941
    },
    "same_turn": {
      "auroc": 0.9317440451763133,
      "pr_auc": 0.7777433193796838,
      "best_accuracy": 0.9207754206291149,
      "threshold_accuracy": 0.996367295453023,
      "precision_accuracy": 0.8095533498759305,
      "recall_accuracy": 0.6271023546371937,
      "best_f1": 0.7201789264413518,
      "threshold_f1": 0.7563537896418109,
      "precision_f1": 0.7457539886773031,
      "recall_f1": 0.6962998558385392,
      "fpr_1pct": {
        "threshold": 1.7033692463780894,
        "tpr": 0.48678519942335413,
        "fpr": 0.009923203037363017
      },
      "fpr_5pct": {
        "threshold": 0.6830442172608204,
        "tpr": 0.7169629985583854,
        "fpr": 0.04996117007507119
      },
      "n_pos": 2081,
      "n_neg": 11589
    },
    "turn_level": {
      "auroc": 0.974350013978194,
      "pr_auc": 0.9124419171226102,
      "best_accuracy": 0.9554367201426025,
      "threshold_accuracy": 2.3961101638643365,
      "precision_accuracy": 0.8904109589041096,
      "recall_accuracy": 0.9948979591836735,
      "best_f1": 0.9397590361445783,
      "threshold_f1": 2.3961101638643365,
      "precision_f1": 0.8904109589041096,
      "recall_f1": 0.9948979591836735,
      "fpr_1pct": {
        "threshold": 4.4366804262002315,
        "tpr": 0.1683673469387755,
        "fpr": 0.00821917808219178
      },
      "fpr_5pct": {
        "threshold": 2.8684398652542207,
        "tpr": 0.9387755102040817,
        "fpr": 0.049315068493150684
      },
      "n_pos": 196,
      "n_neg": 365
    },
    "clean_label": {
      "auroc": 0.9781315497016527,
      "pr_auc": 0.8132648680979914,
      "best_accuracy": 0.9775125832115603,
      "threshold_accuracy": 1.8714863166664586,
      "precision_accuracy": 0.8553459119496856,
      "recall_accuracy": 0.7462277091906722,
      "best_f1": 0.8027491408934707,
      "threshold_f1": 1.480960175478609,
      "precision_f1": 0.8044077134986226,
      "recall_f1": 0.8010973936899863,
      "fpr_1pct": {
        "threshold": 1.7033692463780894,
        "tpr": 0.7640603566529492,
        "fpr": 0.009923203037363017
      },
      "fpr_5pct": {
        "threshold": 0.6830442172608204,
        "tpr": 0.9245541838134431,
        "fpr": 0.04996117007507119
      },
      "n_pos": 729,
      "n_neg": 11589
    },
    "auroc": 0.9557984432672118,
    "pr_auc": 0.5177146275381995,
    "best_accuracy": 0.9538405267008047,
    "threshold_accuracy": 2.862441232343289,
    "precision_accuracy": 0.5827702702702703,
    "recall_accuracy": 0.4732510288065844,
    "best_f1": 0.6153846153846154,
    "threshold_f1": 1.8745503882567087,
    "precision_f1": 0.5235803657362849,
    "recall_f1": 0.7462277091906722,
    "fpr_1pct": {
      "threshold": 3.4882451244762964,
      "tpr": 0.2496570644718793,
      "fpr": 0.009968317749787497
    },
    "fpr_5pct": {
      "threshold": 1.4912706711070132,
      "tpr": 0.7983539094650206,
      "fpr": 0.04999613631094969
    },
    "n_pos_sentences": 729,
    "n_neg_sentences": 12941
  }
}