{
  "indicator_name": "Strategic Underperformance Reasoning",
  "probe_type": "linear",
  "label_mode": "span",
  "reasoning_only": false,
  "reasoning_positive_only": true,
  "training_data_path": "/workspace-vast/kaiwen/persona_vectors/data_generation/probe/data/v4_v2_6_combined_v2/strategic_underperformance_reasoning.json",
  "n_positive_turns": 827,
  "n_negative_turns": 1584,
  "detect_layers": [
    27
  ],
  "reg_coeff": 10.0,
  "normalize": true,
  "model_name": "glm-9b-flash",
  "timestamp": "20260416_060656",
  "val_thresholds": {
    "threshold_mode": "sentence",
    "span_overlap": {
      "auroc": 0.9807940465645264,
      "pr_auc": 0.7382669640596281,
      "best_accuracy": 0.9725843015018418,
      "threshold_accuracy": 5.2252088031486466,
      "precision_accuracy": 0.7634194831013916,
      "recall_accuracy": 0.588957055214724,
      "best_f1": 0.7051189617880317,
      "threshold_f1": 4.000191029243462,
      "precision_f1": 0.6653061224489796,
      "recall_f1": 0.75,
      "fpr_1pct": {
        "threshold": 5.106289189912024,
        "tpr": 0.6042944785276073,
        "fpr": 0.009952465834818775
      },
      "fpr_5pct": {
        "threshold": 1.6372849288152103,
        "tpr": 0.9371165644171779,
        "fpr": 0.049985145573380865
      },
      "n_pos": 652,
      "n_neg": 13464
    },
    "same_turn": {
      "auroc": 0.9365256315806035,
      "pr_auc": 0.8096829686272743,
      "best_accuracy": 0.9532445451969397,
      "threshold_accuracy": 2.154405874742584,
      "precision_accuracy": 0.8873114463176575,
      "recall_accuracy": 0.6523157208088715,
      "best_f1": 0.7564912280701755,
      "threshold_f1": 1.5405572912278207,
      "precision_f1": 0.8185269552012149,
      "recall_f1": 0.7031963470319634,
      "fpr_1pct": {
        "threshold": 2.1631279305978257,
        "tpr": 0.649706457925636,
        "fpr": 0.009934037987761265
      },
      "fpr_5pct": {
        "threshold": 0.804839740866442,
        "tpr": 0.7847358121330724,
        "fpr": 0.04998807915441469
      },
      "n_pos": 1533,
      "n_neg": 12583
    },
    "turn_level": {
      "auroc": 0.9853236607142858,
      "pr_auc": 0.9572340324558238,
      "best_accuracy": 0.9549180327868853,
      "threshold_accuracy": 4.87705552229349,
      "precision_accuracy": 0.9294117647058824,
      "recall_accuracy": 0.9404761904761905,
      "best_f1": 0.9349112426035503,
      "threshold_f1": 4.87705552229349,
      "precision_f1": 0.9294117647058824,
      "recall_f1": 0.9404761904761905,
      "fpr_1pct": {
        "threshold": 6.380268733752401,
        "tpr": 0.7202380952380952,
        "fpr": 0.009375
      },
      "fpr_5pct": {
        "threshold": 4.244216089248657,
        "tpr": 0.9523809523809523,
        "fpr": 0.05
      },
      "n_pos": 168,
      "n_neg": 320
    },
    "clean_label": {
      "auroc": 0.9908231429199684,
      "pr_auc": 0.9153954576346368,
      "best_accuracy": 0.9882886286361919,
      "threshold_accuracy": 2.7218215929610388,
      "precision_accuracy": 0.8793893129770992,
      "recall_accuracy": 0.8834355828220859,
      "best_f1": 0.881407804131599,
      "threshold_f1": 2.7218215929610388,
      "precision_f1": 0.8793893129770992,
      "recall_f1": 0.8834355828220859,
      "fpr_1pct": {
        "threshold": 2.1631279305978257,
        "tpr": 0.9125766871165644,
        "fpr": 0.009934037987761265
      },
      "fpr_5pct": {
        "threshold": 0.804839740866442,
        "tpr": 0.9677914110429447,
        "fpr": 0.04998807915441469
      },
      "n_pos": 652,
      "n_neg": 12583
    },
    "auroc": 0.9807940465645264,
    "pr_auc": 0.7382669640596281,
    "best_accuracy": 0.9725843015018418,
    "threshold_accuracy": 5.2252088031486466,
    "precision_accuracy": 0.7634194831013916,
    "recall_accuracy": 0.588957055214724,
    "best_f1": 0.7051189617880317,
    "threshold_f1": 4.000191029243462,
    "precision_f1": 0.6653061224489796,
    "recall_f1": 0.75,
    "fpr_1pct": {
      "threshold": 5.106289189912024,
      "tpr": 0.6042944785276073,
      "fpr": 0.009952465834818775
    },
    "fpr_5pct": {
      "threshold": 1.6372849288152103,
      "tpr": 0.9371165644171779,
      "fpr": 0.049985145573380865
    },
    "n_pos_sentences": 652,
    "n_neg_sentences": 13464
  }
}