{
  "indicator_name": "Fabrication",
  "probe_type": "linear",
  "label_mode": "span",
  "reasoning_only": false,
  "reasoning_positive_only": true,
  "training_data_path": "/workspace-vast/kaiwen/persona_vectors/data_generation/probe/data/v4_v2_6_combined_v2/fabrication.json",
  "n_positive_turns": 941,
  "n_negative_turns": 1843,
  "detect_layers": [
    29
  ],
  "reg_coeff": 10.0,
  "normalize": true,
  "model_name": "glm-9b-flash",
  "timestamp": "20260416_054411",
  "val_thresholds": {
    "threshold_mode": "sentence",
    "span_overlap": {
      "auroc": 0.9744338535339376,
      "pr_auc": 0.4835901331278103,
      "best_accuracy": 0.9709231038710807,
      "threshold_accuracy": 3.249486087097062,
      "precision_accuracy": 0.6,
      "recall_accuracy": 0.13793103448275862,
      "best_f1": 0.5543933054393305,
      "threshold_f1": 1.5273558342231737,
      "precision_f1": 0.43585526315789475,
      "recall_f1": 0.7614942528735632,
      "fpr_1pct": {
        "threshold": 2.641360286879636,
        "tpr": 0.3103448275862069,
        "fpr": 0.00993676603432701
      },
      "fpr_5pct": {
        "threshold": 0.9982328017033562,
        "tpr": 0.8735632183908046,
        "fpr": 0.04995483288166215
      },
      "n_pos": 348,
      "n_neg": 11070
    },
    "same_turn": {
      "auroc": 0.9436983114006756,
      "pr_auc": 0.7855533661305729,
      "best_accuracy": 0.9453494482396216,
      "threshold_accuracy": 0.9054142009773675,
      "precision_accuracy": 0.8108108108108109,
      "recall_accuracy": 0.6255212677231026,
      "best_f1": 0.7192290845378887,
      "threshold_f1": 0.7219439014158554,
      "precision_f1": 0.757380073800738,
      "recall_f1": 0.6847372810675563,
      "fpr_1pct": {
        "threshold": 1.1568659575401437,
        "tpr": 0.5562969140950792,
        "fpr": 0.009981407182698894
      },
      "fpr_5pct": {
        "threshold": 0.4980512496980804,
        "tpr": 0.7648040033361134,
        "fpr": 0.04990703591349447
      },
      "n_pos": 1199,
      "n_neg": 10219
    },
    "turn_level": {
      "auroc": 0.990302066772655,
      "pr_auc": 0.9780931250802054,
      "best_accuracy": 0.962432915921288,
      "threshold_accuracy": 1.7436760477157254,
      "precision_accuracy": 0.9019607843137255,
      "recall_accuracy": 0.9945945945945946,
      "best_f1": 0.9462915601023019,
      "threshold_f1": 1.6794926060674091,
      "precision_f1": 0.8980582524271845,
      "recall_f1": 1.0,
      "fpr_1pct": {
        "threshold": 2.716936903202582,
        "tpr": 0.654054054054054,
        "fpr": 0.008021390374331552
      },
      "fpr_5pct": {
        "threshold": 1.8685907717003967,
        "tpr": 0.972972972972973,
        "fpr": 0.0481283422459893
      },
      "n_pos": 185,
      "n_neg": 374
    },
    "clean_label": {
      "auroc": 0.9924810444371708,
      "pr_auc": 0.8633656483786409,
      "best_accuracy": 0.9871297435412132,
      "threshold_accuracy": 1.4430821634534943,
      "precision_accuracy": 0.8173652694610778,
      "recall_accuracy": 0.7844827586206896,
      "best_f1": 0.8043184885290149,
      "threshold_f1": 1.18599551492794,
      "precision_f1": 0.7582697201017812,
      "recall_f1": 0.8563218390804598,
      "fpr_1pct": {
        "threshold": 1.1573832735051766,
        "tpr": 0.8563218390804598,
        "fpr": 0.009981407182698894
      },
      "fpr_5pct": {
        "threshold": 0.4980512496980804,
        "tpr": 0.9626436781609196,
        "fpr": 0.04990703591349447
      },
      "n_pos": 348,
      "n_neg": 10219
    },
    "auroc": 0.9744338535339376,
    "pr_auc": 0.4835901331278103,
    "best_accuracy": 0.9709231038710807,
    "threshold_accuracy": 3.249486087097062,
    "precision_accuracy": 0.6,
    "recall_accuracy": 0.13793103448275862,
    "best_f1": 0.5543933054393305,
    "threshold_f1": 1.5273558342231737,
    "precision_f1": 0.43585526315789475,
    "recall_f1": 0.7614942528735632,
    "fpr_1pct": {
      "threshold": 2.641360286879636,
      "tpr": 0.3103448275862069,
      "fpr": 0.00993676603432701
    },
    "fpr_5pct": {
      "threshold": 0.9982328017033562,
      "tpr": 0.8735632183908046,
      "fpr": 0.04995483288166215
    },
    "n_pos_sentences": 348,
    "n_neg_sentences": 11070
  }
}