{
  "indicator_name": "Strategic Omission",
  "probe_type": "linear",
  "label_mode": "span",
  "reasoning_only": false,
  "reasoning_positive_only": true,
  "training_data_path": "probe/data/v4_v2_6_combined_v2/strategic_omission.json",
  "n_positive_turns": 1059,
  "n_negative_turns": 1815,
  "detect_layers": [
    23
  ],
  "reg_coeff": 10.0,
  "normalize": true,
  "model_name": "qwen-35b",
  "timestamp": "20260616_211030",
  "val_thresholds": {
    "threshold_mode": "sentence",
    "span_overlap": {
      "auroc": 0.9735767204880232,
      "pr_auc": 0.6178597874744427,
      "best_accuracy": 0.9696098049024512,
      "threshold_accuracy": 3.450348309461851,
      "precision_accuracy": 0.6808988764044944,
      "recall_accuracy": 0.46831530139103555,
      "best_f1": 0.6294765840220385,
      "threshold_f1": 2.2821976029872895,
      "precision_f1": 0.5677018633540373,
      "recall_f1": 0.7063369397217929,
      "fpr_1pct": {
        "threshold": 3.398289307951927,
        "tpr": 0.47913446676970634,
        "fpr": 0.00997067448680352
      },
      "fpr_5pct": {
        "threshold": 1.2114434961695224,
        "tpr": 0.8346213292117465,
        "fpr": 0.049983708048224176
      },
      "n_pos": 647,
      "n_neg": 15345
    },
    "same_turn": {
      "auroc": 0.9261272258721501,
      "pr_auc": 0.7559182953385136,
      "best_accuracy": 0.9290270135067534,
      "threshold_accuracy": 0.9671257408822771,
      "precision_accuracy": 0.7672253258845437,
      "recall_accuracy": 0.6192384769539078,
      "best_f1": 0.7034972123669538,
      "threshold_f1": 0.7665486821763056,
      "precision_f1": 0.7117948717948718,
      "recall_f1": 0.6953907815631263,
      "fpr_1pct": {
        "threshold": 1.5909300002184783,
        "tpr": 0.46092184368737477,
        "fpr": 0.00993140897399257
      },
      "fpr_5pct": {
        "threshold": 0.6518955239716322,
        "tpr": 0.7269539078156313,
        "fpr": 0.04994284081166048
      },
      "n_pos": 1996,
      "n_neg": 13996
    },
    "turn_level": {
      "auroc": 0.9758169434453202,
      "pr_auc": 0.9405043184891508,
      "best_accuracy": 0.951473136915078,
      "threshold_accuracy": 2.6990295096253796,
      "precision_accuracy": 0.9029535864978903,
      "recall_accuracy": 0.9771689497716894,
      "best_f1": 0.9385964912280702,
      "threshold_f1": 2.6990295096253796,
      "precision_f1": 0.9029535864978903,
      "recall_f1": 0.9771689497716894,
      "fpr_1pct": {
        "threshold": 4.887137084537082,
        "tpr": 0.319634703196347,
        "fpr": 0.008379888268156424
      },
      "fpr_5pct": {
        "threshold": 3.4416912178383035,
        "tpr": 0.8767123287671232,
        "fpr": 0.04748603351955307
      },
      "n_pos": 219,
      "n_neg": 358
    },
    "clean_label": {
      "auroc": 0.9887946567202022,
      "pr_auc": 0.8347698722422767,
      "best_accuracy": 0.9825172437342075,
      "threshold_accuracy": 2.134783288249464,
      "precision_accuracy": 0.8535262206148282,
      "recall_accuracy": 0.7295208655332303,
      "best_f1": 0.7884615384615385,
      "threshold_f1": 1.8386390683514156,
      "precision_f1": 0.8186356073211315,
      "recall_f1": 0.7604327666151468,
      "fpr_1pct": {
        "threshold": 1.596203059228984,
        "tpr": 0.7774343122102009,
        "fpr": 0.00993140897399257
      },
      "fpr_5pct": {
        "threshold": 0.6518955239716322,
        "tpr": 0.9443585780525502,
        "fpr": 0.04994284081166048
      },
      "n_pos": 647,
      "n_neg": 13996
    },
    "auroc": 0.9735767204880232,
    "pr_auc": 0.6178597874744427,
    "best_accuracy": 0.9696098049024512,
    "threshold_accuracy": 3.450348309461851,
    "precision_accuracy": 0.6808988764044944,
    "recall_accuracy": 0.46831530139103555,
    "best_f1": 0.6294765840220385,
    "threshold_f1": 2.2821976029872895,
    "precision_f1": 0.5677018633540373,
    "recall_f1": 0.7063369397217929,
    "fpr_1pct": {
      "threshold": 3.398289307951927,
      "tpr": 0.47913446676970634,
      "fpr": 0.00997067448680352
    },
    "fpr_5pct": {
      "threshold": 1.2114434961695224,
      "tpr": 0.8346213292117465,
      "fpr": 0.049983708048224176
    },
    "n_pos_sentences": 647,
    "n_neg_sentences": 15345
  }
}