{
  "indicator_name": "Strategic Framing",
  "probe_type": "linear",
  "label_mode": "span",
  "reasoning_only": false,
  "reasoning_positive_only": true,
  "training_data_path": "probe/data/v4_v2_6_combined_v2/strategic_framing.json",
  "n_positive_turns": 1090,
  "n_negative_turns": 3670,
  "detect_layers": [
    25
  ],
  "reg_coeff": 10.0,
  "normalize": true,
  "model_name": "qwen-35b",
  "timestamp": "20260616_205734",
  "val_thresholds": {
    "threshold_mode": "sentence",
    "span_overlap": {
      "auroc": 0.985566762867041,
      "pr_auc": 0.5865781619130718,
      "best_accuracy": 0.9793899422918384,
      "threshold_accuracy": 2.88152229713357,
      "precision_accuracy": 0.6101694915254238,
      "recall_accuracy": 0.4883720930232558,
      "best_f1": 0.6215805471124619,
      "threshold_f1": 2.1191951607664423,
      "precision_f1": 0.51125,
      "recall_f1": 0.7926356589147286,
      "fpr_1pct": {
        "threshold": 2.760201598974182,
        "tpr": 0.5445736434108527,
        "fpr": 0.009997513056453619
      },
      "fpr_5pct": {
        "threshold": 0.9378657310402819,
        "tpr": 0.9728682170542635,
        "fpr": 0.049987565282268095
      },
      "n_pos": 516,
      "n_neg": 20105
    },
    "same_turn": {
      "auroc": 0.9353033254613844,
      "pr_auc": 0.7880244941082748,
      "best_accuracy": 0.953978953494011,
      "threshold_accuracy": 1.0324707364349008,
      "precision_accuracy": 0.8752657689581856,
      "recall_accuracy": 0.6150398406374502,
      "best_f1": 0.7331711273317113,
      "threshold_f1": 0.8098457661413011,
      "precision_f1": 0.8018923713778829,
      "recall_f1": 0.6752988047808764,
      "fpr_1pct": {
        "threshold": 1.0135247219353913,
        "tpr": 0.6180278884462151,
        "fpr": 0.009993015634234137
      },
      "fpr_5pct": {
        "threshold": 0.4960322379514023,
        "tpr": 0.7624501992031872,
        "fpr": 0.049965078171170685
      },
      "n_pos": 2008,
      "n_neg": 18613
    },
    "turn_level": {
      "auroc": 0.9938923395445134,
      "pr_auc": 0.9761024162792197,
      "best_accuracy": 0.9745762711864406,
      "threshold_accuracy": 1.6274364856679155,
      "precision_accuracy": 0.9153225806451613,
      "recall_accuracy": 0.9869565217391304,
      "best_f1": 0.950207468879668,
      "threshold_f1": 1.5559515674165225,
      "precision_f1": 0.9087301587301587,
      "recall_f1": 0.9956521739130435,
      "fpr_1pct": {
        "threshold": 2.5807839545938704,
        "tpr": 0.8043478260869565,
        "fpr": 0.00980392156862745
      },
      "fpr_5pct": {
        "threshold": 1.384025482174736,
        "tpr": 1.0,
        "fpr": 0.049019607843137254
      },
      "n_pos": 230,
      "n_neg": 714
    },
    "clean_label": {
      "auroc": 0.9967740518109165,
      "pr_auc": 0.9352808205965583,
      "best_accuracy": 0.9943541220136964,
      "threshold_accuracy": 1.486652134429841,
      "precision_accuracy": 0.8736263736263736,
      "recall_accuracy": 0.9244186046511628,
      "best_f1": 0.8984962406015037,
      "threshold_f1": 1.4658530522509583,
      "precision_f1": 0.8722627737226277,
      "recall_f1": 0.9263565891472868,
      "fpr_1pct": {
        "threshold": 1.016173150887092,
        "tpr": 0.9670542635658915,
        "fpr": 0.009993015634234137
      },
      "fpr_5pct": {
        "threshold": 0.4960322379514023,
        "tpr": 0.9806201550387597,
        "fpr": 0.049965078171170685
      },
      "n_pos": 516,
      "n_neg": 18613
    },
    "auroc": 0.985566762867041,
    "pr_auc": 0.5865781619130718,
    "best_accuracy": 0.9793899422918384,
    "threshold_accuracy": 2.88152229713357,
    "precision_accuracy": 0.6101694915254238,
    "recall_accuracy": 0.4883720930232558,
    "best_f1": 0.6215805471124619,
    "threshold_f1": 2.1191951607664423,
    "precision_f1": 0.51125,
    "recall_f1": 0.7926356589147286,
    "fpr_1pct": {
      "threshold": 2.760201598974182,
      "tpr": 0.5445736434108527,
      "fpr": 0.009997513056453619
    },
    "fpr_5pct": {
      "threshold": 0.9378657310402819,
      "tpr": 0.9728682170542635,
      "fpr": 0.049987565282268095
    },
    "n_pos_sentences": 516,
    "n_neg_sentences": 20105
  }
}