{
  "indicator_name": "Self-Preservation Rationalization",
  "probe_type": "linear",
  "label_mode": "span",
  "reasoning_only": false,
  "reasoning_positive_only": true,
  "training_data_path": "probe/data/v4_v2_6_combined_v2/self_preservation_rationalization.json",
  "n_positive_turns": 982,
  "n_negative_turns": 2447,
  "detect_layers": [
    23
  ],
  "reg_coeff": 10.0,
  "normalize": true,
  "model_name": "qwen-35b",
  "timestamp": "20260616_200014",
  "val_thresholds": {
    "threshold_mode": "sentence",
    "span_overlap": {
      "auroc": 0.9819077854840285,
      "pr_auc": 0.4384142576159562,
      "best_accuracy": 0.9769070221504074,
      "threshold_accuracy": 3.602113804396461,
      "precision_accuracy": 0.6923076923076923,
      "recall_accuracy": 0.05099150141643059,
      "best_f1": 0.5498084291187739,
      "threshold_f1": 1.869910553261474,
      "precision_f1": 0.4153400868306802,
      "recall_f1": 0.8130311614730878,
      "fpr_1pct": {
        "threshold": 2.743983209187334,
        "tpr": 0.3002832861189802,
        "fpr": 0.01
      },
      "fpr_5pct": {
        "threshold": 1.0016761461893717,
        "tpr": 0.9773371104815864,
        "fpr": 0.05
      },
      "n_pos": 353,
      "n_neg": 14500
    },
    "same_turn": {
      "auroc": 0.97055925827852,
      "pr_auc": 0.8800225628070715,
      "best_accuracy": 0.9726654547902781,
      "threshold_accuracy": 0.9595963031222874,
      "precision_accuracy": 0.9065934065934066,
      "recall_accuracy": 0.7650695517774343,
      "best_f1": 0.8298407376362111,
      "threshold_f1": 0.9595963031222874,
      "precision_f1": 0.9065934065934066,
      "recall_f1": 0.7650695517774343,
      "fpr_1pct": {
        "threshold": 0.8734770224993131,
        "tpr": 0.7805255023183926,
        "fpr": 0.009956486466553581
      },
      "fpr_5pct": {
        "threshold": 0.43689853480706614,
        "tpr": 0.89258114374034,
        "fpr": 0.0499299358359761
      },
      "n_pos": 1294,
      "n_neg": 13559
    },
    "turn_level": {
      "auroc": 0.9912413978014121,
      "pr_auc": 0.9718932530814369,
      "best_accuracy": 0.9686609686609686,
      "threshold_accuracy": 1.5272005199392638,
      "precision_accuracy": 0.9162790697674419,
      "recall_accuracy": 0.9800995024875622,
      "best_f1": 0.9478672985781991,
      "threshold_f1": 1.3452754983858717,
      "precision_f1": 0.9049773755656109,
      "recall_f1": 0.9950248756218906,
      "fpr_1pct": {
        "threshold": 2.5362902659508917,
        "tpr": 0.7263681592039801,
        "fpr": 0.00998003992015968
      },
      "fpr_5pct": {
        "threshold": 1.197836541703769,
        "tpr": 0.9950248756218906,
        "fpr": 0.0499001996007984
      },
      "n_pos": 201,
      "n_neg": 501
    },
    "clean_label": {
      "auroc": 0.998647605982625,
      "pr_auc": 0.9364136468229184,
      "best_accuracy": 0.9948964922369178,
      "threshold_accuracy": 1.260412373021245,
      "precision_accuracy": 0.8560606060606061,
      "recall_accuracy": 0.9603399433427762,
      "best_f1": 0.9052069425901201,
      "threshold_f1": 1.260412373021245,
      "precision_f1": 0.8560606060606061,
      "recall_f1": 0.9603399433427762,
      "fpr_1pct": {
        "threshold": 0.8740669312802227,
        "tpr": 0.9830028328611898,
        "fpr": 0.009956486466553581
      },
      "fpr_5pct": {
        "threshold": 0.43689853480706614,
        "tpr": 1.0,
        "fpr": 0.0499299358359761
      },
      "n_pos": 353,
      "n_neg": 13559
    },
    "auroc": 0.9819077854840285,
    "pr_auc": 0.4384142576159562,
    "best_accuracy": 0.9769070221504074,
    "threshold_accuracy": 3.602113804396461,
    "precision_accuracy": 0.6923076923076923,
    "recall_accuracy": 0.05099150141643059,
    "best_f1": 0.5498084291187739,
    "threshold_f1": 1.869910553261474,
    "precision_f1": 0.4153400868306802,
    "recall_f1": 0.8130311614730878,
    "fpr_1pct": {
      "threshold": 2.743983209187334,
      "tpr": 0.3002832861189802,
      "fpr": 0.01
    },
    "fpr_5pct": {
      "threshold": 1.0016761461893717,
      "tpr": 0.9773371104815864,
      "fpr": 0.05
    },
    "n_pos_sentences": 353,
    "n_neg_sentences": 14500
  }
}