{
  "indicator_name": "Strategic Omission",
  "probe_type": "linear",
  "label_mode": "span",
  "reasoning_only": false,
  "reasoning_positive_only": true,
  "training_data_path": "/workspace-vast/kaiwen/persona_vectors/data_generation/probe/data/v4_v2_6_combined_v2/strategic_omission.json",
  "n_positive_turns": 1059,
  "n_negative_turns": 1815,
  "detect_layers": [
    29
  ],
  "reg_coeff": 10.0,
  "normalize": true,
  "model_name": "glm-9b-flash",
  "timestamp": "20260416_055646",
  "val_thresholds": {
    "threshold_mode": "sentence",
    "span_overlap": {
      "auroc": 0.9662592723250994,
      "pr_auc": 0.5531376838198533,
      "best_accuracy": 0.9644795925206086,
      "threshold_accuracy": 2.973518409622052,
      "precision_accuracy": 0.6252676659528907,
      "recall_accuracy": 0.45131375579598143,
      "best_f1": 0.5869720830350752,
      "threshold_f1": 2.371075015555146,
      "precision_f1": 0.5466666666666666,
      "recall_f1": 0.633693972179289,
      "fpr_1pct": {
        "threshold": 3.2085313431822318,
        "tpr": 0.366306027820711,
        "fpr": 0.009948157489141097
      },
      "fpr_5pct": {
        "threshold": 1.3964234875426407,
        "tpr": 0.8238021638330757,
        "fpr": 0.04995095978702536
      },
      "n_pos": 647,
      "n_neg": 14274
    },
    "same_turn": {
      "auroc": 0.925785691305241,
      "pr_auc": 0.7752762224659291,
      "best_accuracy": 0.9334495007037061,
      "threshold_accuracy": 0.9159850395388074,
      "precision_accuracy": 0.803755299818292,
      "recall_accuracy": 0.6648296593186372,
      "best_f1": 0.7361563517915309,
      "threshold_f1": 0.6676951544978037,
      "precision_f1": 0.7363408521303259,
      "recall_f1": 0.7359719438877755,
      "fpr_1pct": {
        "threshold": 1.6454878000026465,
        "tpr": 0.4819639278557114,
        "fpr": 0.009980657640232109
      },
      "fpr_5pct": {
        "threshold": 0.5797359929278945,
        "tpr": 0.7575150300601202,
        "fpr": 0.04998065764023211
      },
      "n_pos": 1996,
      "n_neg": 12925
    },
    "turn_level": {
      "auroc": 0.9722583607561032,
      "pr_auc": 0.938142634248645,
      "best_accuracy": 0.9341421143847487,
      "threshold_accuracy": 2.5272083184581042,
      "precision_accuracy": 0.8884120171673819,
      "recall_accuracy": 0.9452054794520548,
      "best_f1": 0.9191489361702128,
      "threshold_f1": 1.8375998766798722,
      "precision_f1": 0.8605577689243028,
      "recall_f1": 0.9863013698630136,
      "fpr_1pct": {
        "threshold": 4.129289753860285,
        "tpr": 0.3698630136986301,
        "fpr": 0.008379888268156424
      },
      "fpr_5pct": {
        "threshold": 3.169601994652708,
        "tpr": 0.7990867579908676,
        "fpr": 0.04748603351955307
      },
      "n_pos": 219,
      "n_neg": 358
    },
    "clean_label": {
      "auroc": 0.9856330811153395,
      "pr_auc": 0.820813341414958,
      "best_accuracy": 0.9798850574712644,
      "threshold_accuracy": 1.7603677603392265,
      "precision_accuracy": 0.8116666666666666,
      "recall_accuracy": 0.7527047913446677,
      "best_f1": 0.7945823927765236,
      "threshold_f1": 1.4611242462159986,
      "precision_f1": 0.7741935483870968,
      "recall_f1": 0.8160741885625966,
      "fpr_1pct": {
        "threshold": 1.6454878000026465,
        "tpr": 0.7727975270479135,
        "fpr": 0.009980657640232109
      },
      "fpr_5pct": {
        "threshold": 0.5797359929278945,
        "tpr": 0.9242658423493045,
        "fpr": 0.04998065764023211
      },
      "n_pos": 647,
      "n_neg": 12925
    },
    "auroc": 0.9662592723250994,
    "pr_auc": 0.5531376838198533,
    "best_accuracy": 0.9644795925206086,
    "threshold_accuracy": 2.973518409622052,
    "precision_accuracy": 0.6252676659528907,
    "recall_accuracy": 0.45131375579598143,
    "best_f1": 0.5869720830350752,
    "threshold_f1": 2.371075015555146,
    "precision_f1": 0.5466666666666666,
    "recall_f1": 0.633693972179289,
    "fpr_1pct": {
      "threshold": 3.2085313431822318,
      "tpr": 0.366306027820711,
      "fpr": 0.009948157489141097
    },
    "fpr_5pct": {
      "threshold": 1.3964234875426407,
      "tpr": 0.8238021638330757,
      "fpr": 0.04995095978702536
    },
    "n_pos_sentences": 647,
    "n_neg_sentences": 14274
  }
}