{
  "indicator_name": "Distinct Self-Goal Representation",
  "probe_type": "linear",
  "label_mode": "span",
  "reasoning_only": false,
  "reasoning_positive_only": true,
  "training_data_path": "probe/data/v4_v2_6_combined_v2/distinct_self_goal_representation.json",
  "n_positive_turns": 786,
  "n_negative_turns": 1565,
  "detect_layers": [
    23
  ],
  "reg_coeff": 10.0,
  "normalize": true,
  "model_name": "qwen-35b",
  "timestamp": "20260616_182900",
  "val_thresholds": {
    "threshold_mode": "sentence",
    "span_overlap": {
      "auroc": 0.9831547137939805,
      "pr_auc": 0.6621789134056485,
      "best_accuracy": 0.9652735095267363,
      "threshold_accuracy": 2.798666085892667,
      "precision_accuracy": 0.6222222222222222,
      "recall_accuracy": 0.7133757961783439,
      "best_f1": 0.6970684039087949,
      "threshold_f1": 1.779749608039856,
      "precision_f1": 0.5653896961690885,
      "recall_f1": 0.9087048832271762,
      "fpr_1pct": {
        "threshold": 3.724606621716368,
        "tpr": 0.42462845010615713,
        "fpr": 0.00990205575287913
      },
      "fpr_5pct": {
        "threshold": 1.1738093502481806,
        "tpr": 0.9660297239915074,
        "fpr": 0.04994080292756431
      },
      "n_pos": 471,
      "n_neg": 9291
    },
    "same_turn": {
      "auroc": 0.9558858865373079,
      "pr_auc": 0.856549517243245,
      "best_accuracy": 0.9591272280270436,
      "threshold_accuracy": 1.5231585853836602,
      "precision_accuracy": 0.9286577992744861,
      "recall_accuracy": 0.6931407942238267,
      "best_f1": 0.7994269340974212,
      "threshold_f1": 0.983106496368061,
      "precision_f1": 0.8488843813387424,
      "recall_f1": 0.7554151624548736,
      "fpr_1pct": {
        "threshold": 1.3284465791336422,
        "tpr": 0.7138989169675091,
        "fpr": 0.009937601109313613
      },
      "fpr_5pct": {
        "threshold": 0.5170418631205219,
        "tpr": 0.8384476534296029,
        "fpr": 0.04991911254911024
      },
      "n_pos": 1108,
      "n_neg": 8654
    },
    "turn_level": {
      "auroc": 0.9884393063583815,
      "pr_auc": 0.9704486086721005,
      "best_accuracy": 0.9721030042918455,
      "threshold_accuracy": 2.625657817942428,
      "precision_accuracy": 0.949438202247191,
      "recall_accuracy": 0.976878612716763,
      "best_f1": 0.9629629629629629,
      "threshold_f1": 2.625657817942428,
      "precision_f1": 0.949438202247191,
      "recall_f1": 0.976878612716763,
      "fpr_1pct": {
        "threshold": 4.572209554604996,
        "tpr": 0.4277456647398844,
        "fpr": 0.006825938566552901
      },
      "fpr_5pct": {
        "threshold": 2.3727879116068715,
        "tpr": 0.976878612716763,
        "fpr": 0.04778156996587031
      },
      "n_pos": 173,
      "n_neg": 293
    },
    "clean_label": {
      "auroc": 0.9971344694376936,
      "pr_auc": 0.9401808214755166,
      "best_accuracy": 0.9912328767123287,
      "threshold_accuracy": 1.5231585853836602,
      "precision_accuracy": 0.8840864440078585,
      "recall_accuracy": 0.9554140127388535,
      "best_f1": 0.9183673469387754,
      "threshold_f1": 1.5231585853836602,
      "precision_f1": 0.8840864440078585,
      "recall_f1": 0.9554140127388535,
      "fpr_1pct": {
        "threshold": 1.3294866785407067,
        "tpr": 0.9660297239915074,
        "fpr": 0.009937601109313613
      },
      "fpr_5pct": {
        "threshold": 0.5170418631205219,
        "tpr": 0.9957537154989384,
        "fpr": 0.04991911254911024
      },
      "n_pos": 471,
      "n_neg": 8654
    },
    "auroc": 0.9831547137939805,
    "pr_auc": 0.6621789134056485,
    "best_accuracy": 0.9652735095267363,
    "threshold_accuracy": 2.798666085892667,
    "precision_accuracy": 0.6222222222222222,
    "recall_accuracy": 0.7133757961783439,
    "best_f1": 0.6970684039087949,
    "threshold_f1": 1.779749608039856,
    "precision_f1": 0.5653896961690885,
    "recall_f1": 0.9087048832271762,
    "fpr_1pct": {
      "threshold": 3.724606621716368,
      "tpr": 0.42462845010615713,
      "fpr": 0.00990205575287913
    },
    "fpr_5pct": {
      "threshold": 1.1738093502481806,
      "tpr": 0.9660297239915074,
      "fpr": 0.04994080292756431
    },
    "n_pos_sentences": 471,
    "n_neg_sentences": 9291
  }
}