{
 "deception-bench": {
  "L23_full": 0.6705882352941176,
  "L23_ronly": 0.6705882352941176,
  "L25_full": 0.5156862745098039,
  "L25_ronly": 0.5156862745098039,
  "n": [
   3,
   85
  ]
 },
 "mask": {
  "L23_full": 0.6131553239986974,
  "L23_ronly": 0.6131553239986974,
  "L25_full": 0.6369260827092152,
  "L25_ronly": 0.6369260827092152,
  "n": [
   83,
   37
  ]
 },
 "sycophancy-eval": {
  "L23_full": 0.020408163265306145,
  "L23_ronly": 0.020408163265306145,
  "L25_full": 0.16326530612244894,
  "L25_ronly": 0.16326530612244894,
  "n": [
   1,
   49
  ]
 },
 "agentic-misalignment": {
  "L23_full": 0.9221046443268665,
  "L23_ronly": 0.9215167548500881,
  "L25_full": 0.9209288653733098,
  "L25_ronly": 0.917989417989418,
  "n": [
   63,
   27
  ]
 }
}