{
  "indicator_name": "Strategic Framing",
  "probe_type": "linear",
  "label_mode": "span",
  "reasoning_only": false,
  "reasoning_positive_only": true,
  "training_data_path": "/workspace-vast/kaiwen/persona_vectors/data_generation/probe/data/v4_v2_6_combined_v2/strategic_framing.json",
  "n_positive_turns": 1090,
  "n_negative_turns": 3670,
  "detect_layers": [
    27
  ],
  "reg_coeff": 10.0,
  "normalize": true,
  "model_name": "glm-9b-flash",
  "timestamp": "20260416_054524",
  "val_thresholds": {
    "threshold_mode": "sentence",
    "span_overlap": {
      "auroc": 0.9841154237217928,
      "pr_auc": 0.5771702636636403,
      "best_accuracy": 0.9765922116878247,
      "threshold_accuracy": 2.8225363040383247,
      "precision_accuracy": 0.6031331592689295,
      "recall_accuracy": 0.4476744186046512,
      "best_f1": 0.6200317965023847,
      "threshold_f1": 2.2039867230051646,
      "precision_f1": 0.5256064690026954,
      "recall_f1": 0.7558139534883721,
      "fpr_1pct": {
        "threshold": 2.733760575969498,
        "tpr": 0.5038759689922481,
        "fpr": 0.009970803723902385
      },
      "fpr_5pct": {
        "threshold": 0.9633604985105899,
        "tpr": 0.9612403100775194,
        "fpr": 0.04996419324629538
      },
      "n_pos": 516,
      "n_neg": 18153
    },
    "same_turn": {
      "auroc": 0.9425029011856062,
      "pr_auc": 0.8130588274723626,
      "best_accuracy": 0.9512025282553966,
      "threshold_accuracy": 0.9458508076874304,
      "precision_accuracy": 0.8849122807017544,
      "recall_accuracy": 0.6279880478087649,
      "best_f1": 0.7462847878951635,
      "threshold_f1": 0.7358287079984116,
      "precision_f1": 0.815711754282339,
      "recall_f1": 0.6877490039840638,
      "fpr_1pct": {
        "threshold": 0.9424130640096134,
        "tpr": 0.6279880478087649,
        "fpr": 0.009963387551767601
      },
      "fpr_5pct": {
        "threshold": 0.46249090473414683,
        "tpr": 0.7798804780876494,
        "fpr": 0.04999699897965308
      },
      "n_pos": 2008,
      "n_neg": 16661
    },
    "turn_level": {
      "auroc": 0.9958096160833233,
      "pr_auc": 0.9849897403467829,
      "best_accuracy": 0.9767932489451476,
      "threshold_accuracy": 1.8869137759784085,
      "precision_accuracy": 0.9369747899159664,
      "recall_accuracy": 0.9695652173913043,
      "best_f1": 0.9531914893617022,
      "threshold_f1": 1.8239604536566878,
      "precision_f1": 0.9333333333333333,
      "recall_f1": 0.9739130434782609,
      "fpr_1pct": {
        "threshold": 2.438671201417426,
        "tpr": 0.8478260869565217,
        "fpr": 0.009749303621169917
      },
      "fpr_5pct": {
        "threshold": 1.204058624458198,
        "tpr": 1.0,
        "fpr": 0.04874651810584958
      },
      "n_pos": 230,
      "n_neg": 718
    },
    "clean_label": {
      "auroc": 0.9967586653880924,
      "pr_auc": 0.9477687820389686,
      "best_accuracy": 0.9940618268615008,
      "threshold_accuracy": 1.5491576154793925,
      "precision_accuracy": 0.8996138996138996,
      "recall_accuracy": 0.9031007751937985,
      "best_f1": 0.9013539651837523,
      "threshold_f1": 1.5491576154793925,
      "precision_f1": 0.8996138996138996,
      "recall_f1": 0.9031007751937985,
      "fpr_1pct": {
        "threshold": 0.9424130640096134,
        "tpr": 0.9651162790697675,
        "fpr": 0.009963387551767601
      },
      "fpr_5pct": {
        "threshold": 0.46249090473414683,
        "tpr": 0.9922480620155039,
        "fpr": 0.04999699897965308
      },
      "n_pos": 516,
      "n_neg": 16661
    },
    "auroc": 0.9841154237217928,
    "pr_auc": 0.5771702636636403,
    "best_accuracy": 0.9765922116878247,
    "threshold_accuracy": 2.8225363040383247,
    "precision_accuracy": 0.6031331592689295,
    "recall_accuracy": 0.4476744186046512,
    "best_f1": 0.6200317965023847,
    "threshold_f1": 2.2039867230051646,
    "precision_f1": 0.5256064690026954,
    "recall_f1": 0.7558139534883721,
    "fpr_1pct": {
      "threshold": 2.733760575969498,
      "tpr": 0.5038759689922481,
      "fpr": 0.009970803723902385
    },
    "fpr_5pct": {
      "threshold": 0.9633604985105899,
      "tpr": 0.9612403100775194,
      "fpr": 0.04996419324629538
    },
    "n_pos_sentences": 516,
    "n_neg_sentences": 18153
  }
}