{
  "indicator_name": "Error Calibration",
  "probe_type": "linear",
  "label_mode": "span",
  "reasoning_only": false,
  "reasoning_positive_only": true,
  "training_data_path": "probe/data/v4_v2_6_combined_v2/error_calibration.json",
  "n_positive_turns": 696,
  "n_negative_turns": 1792,
  "detect_layers": [
    25
  ],
  "reg_coeff": 10.0,
  "normalize": true,
  "model_name": "qwen-35b",
  "timestamp": "20260616_184113",
  "val_thresholds": {
    "threshold_mode": "sentence",
    "span_overlap": {
      "auroc": 0.9825888605161066,
      "pr_auc": 0.6545439152041178,
      "best_accuracy": 0.9685458811592365,
      "threshold_accuracy": 4.0982164347713645,
      "precision_accuracy": 0.683083511777302,
      "recall_accuracy": 0.4782608695652174,
      "best_f1": 0.6486790331646992,
      "threshold_f1": 2.495100974996129,
      "precision_f1": 0.5188848920863309,
      "recall_f1": 0.8650674662668666,
      "fpr_1pct": {
        "threshold": 4.086409841758617,
        "tpr": 0.48125937031484256,
        "fpr": 0.009998675672096412
      },
      "fpr_5pct": {
        "threshold": 1.7176698745787142,
        "tpr": 0.9580209895052474,
        "fpr": 0.04999337836048205
      },
      "n_pos": 667,
      "n_neg": 15102
    },
    "same_turn": {
      "auroc": 0.959502018567664,
      "pr_auc": 0.8593418559523812,
      "best_accuracy": 0.958526222334961,
      "threshold_accuracy": 1.3495265085596677,
      "precision_accuracy": 0.8379746835443038,
      "recall_accuracy": 0.7688734030197445,
      "best_f1": 0.8030391583869083,
      "threshold_f1": 1.1499062432375338,
      "precision_f1": 0.808235294117647,
      "recall_f1": 0.7979094076655052,
      "fpr_1pct": {
        "threshold": 1.8680543623529888,
        "tpr": 0.6910569105691057,
        "fpr": 0.009966540898412472
      },
      "fpr_5pct": {
        "threshold": 0.7056766656989402,
        "tpr": 0.8536585365853658,
        "fpr": 0.04997508364775397
      },
      "n_pos": 1722,
      "n_neg": 14047
    },
    "turn_level": {
      "auroc": 0.9878595516762546,
      "pr_auc": 0.9690051460024401,
      "best_accuracy": 0.9416498993963782,
      "threshold_accuracy": 3.990358896816478,
      "precision_accuracy": 0.959349593495935,
      "recall_accuracy": 0.8309859154929577,
      "best_f1": 0.9019607843137255,
      "threshold_f1": 3.0239294877958516,
      "precision_f1": 0.8414634146341463,
      "recall_f1": 0.971830985915493,
      "fpr_1pct": {
        "threshold": 4.381300579116802,
        "tpr": 0.7464788732394366,
        "fpr": 0.008450704225352112
      },
      "fpr_5pct": {
        "threshold": 3.5496344945369622,
        "tpr": 0.9084507042253521,
        "fpr": 0.04788732394366197
      },
      "n_pos": 142,
      "n_neg": 355
    },
    "clean_label": {
      "auroc": 0.9967699997086243,
      "pr_auc": 0.9350868196477756,
      "best_accuracy": 0.9883784151148566,
      "threshold_accuracy": 2.491210015540287,
      "precision_accuracy": 0.8768996960486323,
      "recall_accuracy": 0.8650674662668666,
      "best_f1": 0.8768267223382046,
      "threshold_f1": 1.8680543623529888,
      "precision_f1": 0.8181818181818182,
      "recall_f1": 0.9445277361319341,
      "fpr_1pct": {
        "threshold": 1.8680543623529888,
        "tpr": 0.9445277361319341,
        "fpr": 0.009966540898412472
      },
      "fpr_5pct": {
        "threshold": 0.7056766656989402,
        "tpr": 0.9940029985007496,
        "fpr": 0.04997508364775397
      },
      "n_pos": 667,
      "n_neg": 14047
    },
    "auroc": 0.9825888605161066,
    "pr_auc": 0.6545439152041178,
    "best_accuracy": 0.9685458811592365,
    "threshold_accuracy": 4.0982164347713645,
    "precision_accuracy": 0.683083511777302,
    "recall_accuracy": 0.4782608695652174,
    "best_f1": 0.6486790331646992,
    "threshold_f1": 2.495100974996129,
    "precision_f1": 0.5188848920863309,
    "recall_f1": 0.8650674662668666,
    "fpr_1pct": {
      "threshold": 4.086409841758617,
      "tpr": 0.48125937031484256,
      "fpr": 0.009998675672096412
    },
    "fpr_5pct": {
      "threshold": 1.7176698745787142,
      "tpr": 0.9580209895052474,
      "fpr": 0.04999337836048205
    },
    "n_pos_sentences": 667,
    "n_neg_sentences": 15102
  }
}