{
  "indicator_name": "Strategic Omission",
  "probe_type": "linear",
  "label_mode": "span",
  "reasoning_only": false,
  "reasoning_positive_only": true,
  "training_data_path": "/workspace-vast/kaiwen/persona_vectors/data_generation/probe/data/v4_v2_6_combined_v2/strategic_omission.json",
  "n_positive_turns": 1059,
  "n_negative_turns": 1815,
  "detect_layers": [
    27
  ],
  "reg_coeff": 10.0,
  "normalize": true,
  "model_name": "glm-9b-flash",
  "timestamp": "20260416_055646",
  "val_thresholds": {
    "threshold_mode": "sentence",
    "span_overlap": {
      "auroc": 0.966732674425177,
      "pr_auc": 0.5701363117098539,
      "best_accuracy": 0.9651497888881442,
      "threshold_accuracy": 3.1098920215689945,
      "precision_accuracy": 0.6123893805309735,
      "recall_accuracy": 0.5347758887171561,
      "best_f1": 0.5967503692762186,
      "threshold_f1": 2.735801546416123,
      "precision_f1": 0.5714285714285714,
      "recall_f1": 0.624420401854714,
      "fpr_1pct": {
        "threshold": 3.6664864810142253,
        "tpr": 0.3786707882534776,
        "fpr": 0.009948157489141097
      },
      "fpr_5pct": {
        "threshold": 1.5509909901003807,
        "tpr": 0.8160741885625966,
        "fpr": 0.04995095978702536
      },
      "n_pos": 647,
      "n_neg": 14274
    },
    "same_turn": {
      "auroc": 0.9269899954648174,
      "pr_auc": 0.7819963072571362,
      "best_accuracy": 0.9339186381609812,
      "threshold_accuracy": 1.0678684445933775,
      "precision_accuracy": 0.8204314720812182,
      "recall_accuracy": 0.6477955911823647,
      "best_f1": 0.7412826139965861,
      "threshold_f1": 0.6210209415802224,
      "precision_f1": 0.7220902612826603,
      "recall_f1": 0.7615230460921844,
      "fpr_1pct": {
        "threshold": 1.7713350106317263,
        "tpr": 0.49899799599198397,
        "fpr": 0.009980657640232109
      },
      "fpr_5pct": {
        "threshold": 0.5711763643970091,
        "tpr": 0.7735470941883767,
        "fpr": 0.04998065764023211
      },
      "n_pos": 1996,
      "n_neg": 12925
    },
    "turn_level": {
      "auroc": 0.9754215453687406,
      "pr_auc": 0.9483409241056211,
      "best_accuracy": 0.9393414211438474,
      "threshold_accuracy": 2.4564803961800177,
      "precision_accuracy": 0.8865546218487395,
      "recall_accuracy": 0.9634703196347032,
      "best_f1": 0.9234135667396062,
      "threshold_f1": 2.4564803961800177,
      "precision_f1": 0.8865546218487395,
      "recall_f1": 0.9634703196347032,
      "fpr_1pct": {
        "threshold": 4.910303855871225,
        "tpr": 0.3470319634703196,
        "fpr": 0.008379888268156424
      },
      "fpr_5pct": {
        "threshold": 3.4525754846991066,
        "tpr": 0.8493150684931506,
        "fpr": 0.04748603351955307
      },
      "n_pos": 219,
      "n_neg": 358
    },
    "clean_label": {
      "auroc": 0.9857792101022723,
      "pr_auc": 0.8296039342734464,
      "best_accuracy": 0.9804745063365753,
      "threshold_accuracy": 1.84389620963344,
      "precision_accuracy": 0.8060897435897436,
      "recall_accuracy": 0.7774343122102009,
      "best_f1": 0.7948328267477204,
      "threshold_f1": 1.6283510006776378,
      "precision_f1": 0.7817638266068759,
      "recall_f1": 0.8083462132921174,
      "fpr_1pct": {
        "threshold": 1.77430005257449,
        "tpr": 0.7867078825347759,
        "fpr": 0.009980657640232109
      },
      "fpr_5pct": {
        "threshold": 0.5713293409595888,
        "tpr": 0.9304482225656878,
        "fpr": 0.04998065764023211
      },
      "n_pos": 647,
      "n_neg": 12925
    },
    "auroc": 0.966732674425177,
    "pr_auc": 0.5701363117098539,
    "best_accuracy": 0.9651497888881442,
    "threshold_accuracy": 3.1098920215689945,
    "precision_accuracy": 0.6123893805309735,
    "recall_accuracy": 0.5347758887171561,
    "best_f1": 0.5967503692762186,
    "threshold_f1": 2.735801546416123,
    "precision_f1": 0.5714285714285714,
    "recall_f1": 0.624420401854714,
    "fpr_1pct": {
      "threshold": 3.6664864810142253,
      "tpr": 0.3786707882534776,
      "fpr": 0.009948157489141097
    },
    "fpr_5pct": {
      "threshold": 1.5509909901003807,
      "tpr": 0.8160741885625966,
      "fpr": 0.04995095978702536
    },
    "n_pos_sentences": 647,
    "n_neg_sentences": 14274
  }
}