{
  "indicator_name": "Self-Preservation Rationalization",
  "probe_type": "linear",
  "label_mode": "span",
  "reasoning_only": false,
  "reasoning_positive_only": true,
  "training_data_path": "/workspace-vast/kaiwen/persona_vectors/data_generation/probe/data/v4_v2_6_combined_v2/self_preservation_rationalization.json",
  "n_positive_turns": 982,
  "n_negative_turns": 2447,
  "detect_layers": [
    27
  ],
  "reg_coeff": 10.0,
  "normalize": true,
  "model_name": "glm-9b-flash",
  "timestamp": "20260416_055623",
  "val_thresholds": {
    "threshold_mode": "sentence",
    "span_overlap": {
      "auroc": 0.9769377020848684,
      "pr_auc": 0.4053023767545074,
      "best_accuracy": 0.973967684021544,
      "threshold_accuracy": 3.9440904007590376,
      "precision_accuracy": 1.0,
      "recall_accuracy": 0.014164305949008499,
      "best_f1": 0.5112033195020746,
      "threshold_f1": 1.5671315374970436,
      "precision_f1": 0.3615023474178404,
      "recall_f1": 0.8725212464589235,
      "fpr_1pct": {
        "threshold": 2.707223182496352,
        "tpr": 0.2719546742209632,
        "fpr": 0.009988474836726853
      },
      "fpr_5pct": {
        "threshold": 1.2888607358127464,
        "tpr": 0.9376770538243626,
        "fpr": 0.049942374183634265
      },
      "n_pos": 353,
      "n_neg": 13015
    },
    "same_turn": {
      "auroc": 0.9729592551240559,
      "pr_auc": 0.8954400467111173,
      "best_accuracy": 0.9747905445840814,
      "threshold_accuracy": 0.8867075198463031,
      "precision_accuracy": 0.8970954356846473,
      "recall_accuracy": 0.8353941267387944,
      "best_f1": 0.8652538984406237,
      "threshold_f1": 0.8835008123889565,
      "precision_f1": 0.8964374482187241,
      "recall_f1": 0.8361669242658424,
      "fpr_1pct": {
        "threshold": 0.8974543875656869,
        "tpr": 0.8307573415765069,
        "fpr": 0.009938711280437303
      },
      "fpr_5pct": {
        "threshold": 0.4087351662503404,
        "tpr": 0.9142194744976816,
        "fpr": 0.04994202418419745
      },
      "n_pos": 1294,
      "n_neg": 12074
    },
    "turn_level": {
      "auroc": 0.9916485437086028,
      "pr_auc": 0.9649791665897274,
      "best_accuracy": 0.9757834757834758,
      "threshold_accuracy": 1.4293541376141534,
      "precision_accuracy": 0.9259259259259259,
      "recall_accuracy": 0.9950248756218906,
      "best_f1": 0.9592326139088729,
      "threshold_f1": 1.4293541376141534,
      "precision_f1": 0.9259259259259259,
      "recall_f1": 0.9950248756218906,
      "fpr_1pct": {
        "threshold": 2.563376279917323,
        "tpr": 0.6915422885572139,
        "fpr": 0.00998003992015968
      },
      "fpr_5pct": {
        "threshold": 1.0895929088195166,
        "tpr": 1.0,
        "fpr": 0.0499001996007984
      },
      "n_pos": 201,
      "n_neg": 501
    },
    "clean_label": {
      "auroc": 0.9980760757200287,
      "pr_auc": 0.9137314217465204,
      "best_accuracy": 0.9941256940532711,
      "threshold_accuracy": 1.3882009990098279,
      "precision_accuracy": 0.8723404255319149,
      "recall_accuracy": 0.9291784702549575,
      "best_f1": 0.9006802721088436,
      "threshold_f1": 1.3658724056654856,
      "precision_f1": 0.8664921465968587,
      "recall_f1": 0.9376770538243626,
      "fpr_1pct": {
        "threshold": 0.8979933254533645,
        "tpr": 0.9886685552407932,
        "fpr": 0.009938711280437303
      },
      "fpr_5pct": {
        "threshold": 0.4087351662503404,
        "tpr": 0.9971671388101983,
        "fpr": 0.04994202418419745
      },
      "n_pos": 353,
      "n_neg": 12074
    },
    "auroc": 0.9769377020848684,
    "pr_auc": 0.4053023767545074,
    "best_accuracy": 0.973967684021544,
    "threshold_accuracy": 3.9440904007590376,
    "precision_accuracy": 1.0,
    "recall_accuracy": 0.014164305949008499,
    "best_f1": 0.5112033195020746,
    "threshold_f1": 1.5671315374970436,
    "precision_f1": 0.3615023474178404,
    "recall_f1": 0.8725212464589235,
    "fpr_1pct": {
      "threshold": 2.707223182496352,
      "tpr": 0.2719546742209632,
      "fpr": 0.009988474836726853
    },
    "fpr_5pct": {
      "threshold": 1.2888607358127464,
      "tpr": 0.9376770538243626,
      "fpr": 0.049942374183634265
    },
    "n_pos_sentences": 353,
    "n_neg_sentences": 13015
  }
}