{
  "indicator_name": "Fabrication",
  "probe_type": "linear",
  "label_mode": "span",
  "reasoning_only": false,
  "reasoning_positive_only": true,
  "training_data_path": "/workspace-vast/kaiwen/persona_vectors/data_generation/probe/data/v4_v2_6_combined_v2/fabrication.json",
  "n_positive_turns": 941,
  "n_negative_turns": 1843,
  "detect_layers": [
    27
  ],
  "reg_coeff": 10.0,
  "normalize": true,
  "model_name": "glm-9b-flash",
  "timestamp": "20260416_054411",
  "val_thresholds": {
    "threshold_mode": "sentence",
    "span_overlap": {
      "auroc": 0.9748045354016759,
      "pr_auc": 0.4893830322576533,
      "best_accuracy": 0.9709231038710807,
      "threshold_accuracy": 4.298895616616521,
      "precision_accuracy": 0.8636363636363636,
      "recall_accuracy": 0.05459770114942529,
      "best_f1": 0.5616161616161616,
      "threshold_f1": 1.4665912251289495,
      "precision_f1": 0.43302180685358255,
      "recall_f1": 0.7988505747126436,
      "fpr_1pct": {
        "threshold": 2.8875005808665035,
        "tpr": 0.3132183908045977,
        "fpr": 0.00993676603432701
      },
      "fpr_5pct": {
        "threshold": 1.0085705623385453,
        "tpr": 0.8793103448275862,
        "fpr": 0.04995483288166215
      },
      "n_pos": 348,
      "n_neg": 11070
    },
    "same_turn": {
      "auroc": 0.9378221617143361,
      "pr_auc": 0.7811611860265242,
      "best_accuracy": 0.9456997722893676,
      "threshold_accuracy": 0.9346554063260555,
      "precision_accuracy": 0.8177826564215148,
      "recall_accuracy": 0.6213511259382819,
      "best_f1": 0.7152899824253076,
      "threshold_f1": 0.7092209801103184,
      "precision_f1": 0.755803156917363,
      "recall_f1": 0.6788990825688074,
      "fpr_1pct": {
        "threshold": 1.1770898559263774,
        "tpr": 0.5587989991659716,
        "fpr": 0.009981407182698894
      },
      "fpr_5pct": {
        "threshold": 0.4900003175171924,
        "tpr": 0.7606338615512928,
        "fpr": 0.04990703591349447
      },
      "n_pos": 1199,
      "n_neg": 10219
    },
    "turn_level": {
      "auroc": 0.9911547911547911,
      "pr_auc": 0.9799702644810904,
      "best_accuracy": 0.964221824686941,
      "threshold_accuracy": 1.9395695064555514,
      "precision_accuracy": 0.914572864321608,
      "recall_accuracy": 0.9837837837837838,
      "best_f1": 0.9484536082474228,
      "threshold_f1": 1.863570353000605,
      "precision_f1": 0.9064039408866995,
      "recall_f1": 0.9945945945945946,
      "fpr_1pct": {
        "threshold": 2.8804179864718504,
        "tpr": 0.7081081081081081,
        "fpr": 0.008021390374331552
      },
      "fpr_5pct": {
        "threshold": 1.9269951904813447,
        "tpr": 0.9837837837837838,
        "fpr": 0.0481283422459893
      },
      "n_pos": 185,
      "n_neg": 374
    },
    "clean_label": {
      "auroc": 0.9925038214819589,
      "pr_auc": 0.8712573903953316,
      "best_accuracy": 0.987602914734551,
      "threshold_accuracy": 1.565566972312,
      "precision_accuracy": 0.838006230529595,
      "recall_accuracy": 0.7729885057471264,
      "best_f1": 0.8108108108108109,
      "threshold_f1": 1.360007869256627,
      "precision_f1": 0.8028169014084507,
      "recall_f1": 0.8189655172413793,
      "fpr_1pct": {
        "threshold": 1.178001266055637,
        "tpr": 0.8477011494252874,
        "fpr": 0.009981407182698894
      },
      "fpr_5pct": {
        "threshold": 0.4900003175171924,
        "tpr": 0.9712643678160919,
        "fpr": 0.04990703591349447
      },
      "n_pos": 348,
      "n_neg": 10219
    },
    "auroc": 0.9748045354016759,
    "pr_auc": 0.4893830322576533,
    "best_accuracy": 0.9709231038710807,
    "threshold_accuracy": 4.298895616616521,
    "precision_accuracy": 0.8636363636363636,
    "recall_accuracy": 0.05459770114942529,
    "best_f1": 0.5616161616161616,
    "threshold_f1": 1.4665912251289495,
    "precision_f1": 0.43302180685358255,
    "recall_f1": 0.7988505747126436,
    "fpr_1pct": {
      "threshold": 2.8875005808665035,
      "tpr": 0.3132183908045977,
      "fpr": 0.00993676603432701
    },
    "fpr_5pct": {
      "threshold": 1.0085705623385453,
      "tpr": 0.8793103448275862,
      "fpr": 0.04995483288166215
    },
    "n_pos_sentences": 348,
    "n_neg_sentences": 11070
  }
}