{
  "indicator_name": "Action Concealment",
  "probe_type": "linear",
  "label_mode": "span",
  "reasoning_only": false,
  "reasoning_positive_only": true,
  "training_data_path": "probe/data/v4_v2_6_combined_v2/action_concealment.json",
  "n_positive_turns": 661,
  "n_negative_turns": 1358,
  "detect_layers": [
    23
  ],
  "reg_coeff": 10.0,
  "normalize": true,
  "model_name": "qwen-35b",
  "timestamp": "20260616_175412",
  "val_thresholds": {
    "threshold_mode": "sentence",
    "span_overlap": {
      "auroc": 0.9857473008357774,
      "pr_auc": 0.6935984050915152,
      "best_accuracy": 0.9705639938773107,
      "threshold_accuracy": 4.241769178642654,
      "precision_accuracy": 0.706060606060606,
      "recall_accuracy": 0.6036269430051814,
      "best_f1": 0.6989473684210525,
      "threshold_f1": 3.0782500584950534,
      "precision_f1": 0.5886524822695035,
      "recall_f1": 0.8601036269430051,
      "fpr_1pct": {
        "threshold": 4.513036996126175,
        "tpr": 0.5207253886010362,
        "fpr": 0.009991365486616504
      },
      "fpr_5pct": {
        "threshold": 1.914729185366573,
        "tpr": 0.9766839378238342,
        "fpr": 0.049956827433082523
      },
      "n_pos": 386,
      "n_neg": 8107
    },
    "same_turn": {
      "auroc": 0.9366483880044927,
      "pr_auc": 0.8010399029322995,
      "best_accuracy": 0.9492523254444837,
      "threshold_accuracy": 1.971907150414255,
      "precision_accuracy": 0.8790637191157347,
      "recall_accuracy": 0.6666666666666666,
      "best_f1": 0.7737301180092354,
      "threshold_f1": 1.2834845478646457,
      "precision_f1": 0.8064171122994652,
      "recall_f1": 0.7435897435897436,
      "fpr_1pct": {
        "threshold": 2.231972875339644,
        "tpr": 0.6380670611439843,
        "fpr": 0.00989437090520123
      },
      "fpr_5pct": {
        "threshold": 0.7920709591772821,
        "tpr": 0.7889546351084813,
        "fpr": 0.04987297767081161
      },
      "n_pos": 1014,
      "n_neg": 7479
    },
    "turn_level": {
      "auroc": 0.9773018794266912,
      "pr_auc": 0.9254530663351637,
      "best_accuracy": 0.9508599508599509,
      "threshold_accuracy": 2.9993872938068904,
      "precision_accuracy": 0.8707482993197279,
      "recall_accuracy": 0.9922480620155039,
      "best_f1": 0.9275362318840579,
      "threshold_f1": 2.9993872938068904,
      "precision_f1": 0.8707482993197279,
      "recall_f1": 0.9922480620155039,
      "fpr_1pct": {
        "threshold": 5.968416510838006,
        "tpr": 0.3643410852713178,
        "fpr": 0.007194244604316547
      },
      "fpr_5pct": {
        "threshold": 3.9190769990285235,
        "tpr": 0.8682170542635659,
        "fpr": 0.046762589928057555
      },
      "n_pos": 129,
      "n_neg": 278
    },
    "clean_label": {
      "auroc": 0.9965804078708812,
      "pr_auc": 0.9092097615732554,
      "best_accuracy": 0.9889383343928798,
      "threshold_accuracy": 2.476576426468397,
      "precision_accuracy": 0.8551068883610451,
      "recall_accuracy": 0.9326424870466321,
      "best_f1": 0.8921933085501859,
      "threshold_f1": 2.476576426468397,
      "precision_f1": 0.8551068883610451,
      "recall_f1": 0.9326424870466321,
      "fpr_1pct": {
        "threshold": 2.231972875339644,
        "tpr": 0.9559585492227979,
        "fpr": 0.00989437090520123
      },
      "fpr_5pct": {
        "threshold": 0.7920709591772821,
        "tpr": 0.9974093264248705,
        "fpr": 0.04987297767081161
      },
      "n_pos": 386,
      "n_neg": 7479
    },
    "auroc": 0.9857473008357774,
    "pr_auc": 0.6935984050915152,
    "best_accuracy": 0.9705639938773107,
    "threshold_accuracy": 4.241769178642654,
    "precision_accuracy": 0.706060606060606,
    "recall_accuracy": 0.6036269430051814,
    "best_f1": 0.6989473684210525,
    "threshold_f1": 3.0782500584950534,
    "precision_f1": 0.5886524822695035,
    "recall_f1": 0.8601036269430051,
    "fpr_1pct": {
      "threshold": 4.513036996126175,
      "tpr": 0.5207253886010362,
      "fpr": 0.009991365486616504
    },
    "fpr_5pct": {
      "threshold": 1.914729185366573,
      "tpr": 0.9766839378238342,
      "fpr": 0.049956827433082523
    },
    "n_pos_sentences": 386,
    "n_neg_sentences": 8107
  }
}