{
  "indicator_name": "Adversarial User Framing",
  "probe_type": "linear",
  "label_mode": "span",
  "reasoning_only": false,
  "reasoning_positive_only": true,
  "training_data_path": "probe/data/v4_v2_6_combined_v2/adversarial_user_framing.json",
  "n_positive_turns": 741,
  "n_negative_turns": 1674,
  "detect_layers": [
    23
  ],
  "reg_coeff": 10.0,
  "normalize": true,
  "model_name": "qwen-35b",
  "timestamp": "20260616_180735",
  "val_thresholds": {
    "threshold_mode": "sentence",
    "span_overlap": {
      "auroc": 0.988839396372599,
      "pr_auc": 0.6801676813853295,
      "best_accuracy": 0.9759736317113367,
      "threshold_accuracy": 3.215454363822937,
      "precision_accuracy": 0.6830708661417323,
      "recall_accuracy": 0.7494600431965442,
      "best_f1": 0.7408071748878924,
      "threshold_f1": 2.5032077072565997,
      "precision_f1": 0.6334355828220859,
      "recall_f1": 0.8920086393088553,
      "fpr_1pct": {
        "threshold": 3.9654682698691714,
        "tpr": 0.509719222462203,
        "fpr": 0.009940357852882704
      },
      "fpr_5pct": {
        "threshold": 1.0459826286988598,
        "tpr": 0.9913606911447084,
        "fpr": 0.049972889933128505
      },
      "n_pos": 463,
      "n_neg": 11066
    },
    "same_turn": {
      "auroc": 0.9588837880471333,
      "pr_auc": 0.8455811102884658,
      "best_accuracy": 0.9672131147540983,
      "threshold_accuracy": 1.746440667684329,
      "precision_accuracy": 0.9054916985951469,
      "recall_accuracy": 0.6999012833168805,
      "best_f1": 0.7933972310969117,
      "threshold_f1": 1.4055246990174055,
      "precision_f1": 0.861271676300578,
      "recall_f1": 0.7354392892398816,
      "fpr_1pct": {
        "threshold": 1.5348632800514284,
        "tpr": 0.7206317867719645,
        "fpr": 0.0099847850893876
      },
      "fpr_5pct": {
        "threshold": 0.6252136231503553,
        "tpr": 0.8509378084896347,
        "fpr": 0.049923925446938
      },
      "n_pos": 1013,
      "n_neg": 10516
    },
    "turn_level": {
      "auroc": 0.9905605455755156,
      "pr_auc": 0.9739804683162594,
      "best_accuracy": 0.9686192468619247,
      "threshold_accuracy": 3.4498399944866405,
      "precision_accuracy": 0.9387755102040817,
      "recall_accuracy": 0.9583333333333334,
      "best_f1": 0.9494949494949494,
      "threshold_f1": 2.924428548550967,
      "precision_f1": 0.9215686274509803,
      "recall_f1": 0.9791666666666666,
      "fpr_1pct": {
        "threshold": 4.8751942408084865,
        "tpr": 0.6111111111111112,
        "fpr": 0.008982035928143712
      },
      "fpr_5pct": {
        "threshold": 2.6895523274978324,
        "tpr": 0.9861111111111112,
        "fpr": 0.04790419161676647
      },
      "n_pos": 144,
      "n_neg": 334
    },
    "clean_label": {
      "auroc": 0.9980437091848933,
      "pr_auc": 0.9456864243753985,
      "best_accuracy": 0.9930776937790327,
      "threshold_accuracy": 2.050688390628383,
      "precision_accuracy": 0.8989690721649485,
      "recall_accuracy": 0.9416846652267818,
      "best_f1": 0.919831223628692,
      "threshold_f1": 2.050688390628383,
      "precision_f1": 0.8989690721649485,
      "recall_f1": 0.9416846652267818,
      "fpr_1pct": {
        "threshold": 1.5348632800514284,
        "tpr": 0.980561555075594,
        "fpr": 0.0099847850893876
      },
      "fpr_5pct": {
        "threshold": 0.6252136231503553,
        "tpr": 1.0,
        "fpr": 0.049923925446938
      },
      "n_pos": 463,
      "n_neg": 10516
    },
    "auroc": 0.988839396372599,
    "pr_auc": 0.6801676813853295,
    "best_accuracy": 0.9759736317113367,
    "threshold_accuracy": 3.215454363822937,
    "precision_accuracy": 0.6830708661417323,
    "recall_accuracy": 0.7494600431965442,
    "best_f1": 0.7408071748878924,
    "threshold_f1": 2.5032077072565997,
    "precision_f1": 0.6334355828220859,
    "recall_f1": 0.8920086393088553,
    "fpr_1pct": {
      "threshold": 3.9654682698691714,
      "tpr": 0.509719222462203,
      "fpr": 0.009940357852882704
    },
    "fpr_5pct": {
      "threshold": 1.0459826286988598,
      "tpr": 0.9913606911447084,
      "fpr": 0.049972889933128505
    },
    "n_pos_sentences": 463,
    "n_neg_sentences": 11066
  }
}