{
  "indicator_name": "Misalignment Cover Story Planning",
  "probe_type": "linear",
  "label_mode": "span",
  "reasoning_only": false,
  "reasoning_positive_only": true,
  "training_data_path": "/workspace-vast/kaiwen/persona_vectors/data_generation/probe/data/v4_v2_6_combined_v2/misalignment_cover_story_planning.json",
  "n_positive_turns": 909,
  "n_negative_turns": 1407,
  "detect_layers": [
    27
  ],
  "reg_coeff": 10.0,
  "normalize": true,
  "model_name": "glm-9b-flash",
  "timestamp": "20260416_051122",
  "val_thresholds": {
    "threshold_mode": "sentence",
    "span_overlap": {
      "auroc": 0.9912957988287096,
      "pr_auc": 0.8177462677529396,
      "best_accuracy": 0.9818392237158373,
      "threshold_accuracy": 4.938206733229326,
      "precision_accuracy": 0.8455882352941176,
      "recall_accuracy": 0.5867346938775511,
      "best_f1": 0.738238841978287,
      "threshold_f1": 4.052345104018848,
      "precision_f1": 0.700228832951945,
      "recall_f1": 0.7806122448979592,
      "fpr_1pct": {
        "threshold": 4.281786337352934,
        "tpr": 0.7372448979591837,
        "fpr": 0.009962180610644774
      },
      "fpr_5pct": {
        "threshold": 1.692659880965948,
        "tpr": 0.9846938775510204,
        "fpr": 0.049995387879346924
      },
      "n_pos": 392,
      "n_neg": 10841
    },
    "same_turn": {
      "auroc": 0.9228533145480995,
      "pr_auc": 0.7820552849774695,
      "best_accuracy": 0.9508590759369714,
      "threshold_accuracy": 1.6913515245313184,
      "precision_accuracy": 0.8408602150537634,
      "recall_accuracy": 0.6593591905564924,
      "best_f1": 0.7486772486772487,
      "threshold_f1": 1.228970583387171,
      "precision_f1": 0.7846580406654344,
      "recall_f1": 0.7158516020236088,
      "fpr_1pct": {
        "threshold": 2.4358248067150514,
        "tpr": 0.5750421585160203,
        "fpr": 0.009953219866626855
      },
      "fpr_5pct": {
        "threshold": 0.7205229485407472,
        "tpr": 0.7715008431703204,
        "fpr": 0.049965163730466805
      },
      "n_pos": 1186,
      "n_neg": 10047
    },
    "turn_level": {
      "auroc": 0.987460815047022,
      "pr_auc": 0.9747673612230312,
      "best_accuracy": 0.9527896995708155,
      "threshold_accuracy": 3.686062329123465,
      "precision_accuracy": 0.9010416666666666,
      "recall_accuracy": 0.9829545454545454,
      "best_f1": 0.9402173913043479,
      "threshold_f1": 3.686062329123465,
      "precision_f1": 0.9010416666666666,
      "recall_f1": 0.9829545454545454,
      "fpr_1pct": {
        "threshold": 5.759370016701081,
        "tpr": 0.5625,
        "fpr": 0.006896551724137931
      },
      "fpr_5pct": {
        "threshold": 4.300713379009098,
        "tpr": 0.9261363636363636,
        "fpr": 0.04827586206896552
      },
      "n_pos": 176,
      "n_neg": 290
    },
    "clean_label": {
      "auroc": 0.9976300164735945,
      "pr_auc": 0.9474520037027376,
      "best_accuracy": 0.9911868952964843,
      "threshold_accuracy": 3.0611517701830184,
      "precision_accuracy": 0.8623188405797102,
      "recall_accuracy": 0.9107142857142857,
      "best_f1": 0.886138613861386,
      "threshold_f1": 3.0403821244835854,
      "precision_f1": 0.8605769230769231,
      "recall_f1": 0.9132653061224489,
      "fpr_1pct": {
        "threshold": 2.4358248067150514,
        "tpr": 0.9617346938775511,
        "fpr": 0.009953219866626855
      },
      "fpr_5pct": {
        "threshold": 0.7205229485407472,
        "tpr": 0.9948979591836735,
        "fpr": 0.049965163730466805
      },
      "n_pos": 392,
      "n_neg": 10047
    },
    "auroc": 0.9912957988287096,
    "pr_auc": 0.8177462677529396,
    "best_accuracy": 0.9818392237158373,
    "threshold_accuracy": 4.938206733229326,
    "precision_accuracy": 0.8455882352941176,
    "recall_accuracy": 0.5867346938775511,
    "best_f1": 0.738238841978287,
    "threshold_f1": 4.052345104018848,
    "precision_f1": 0.700228832951945,
    "recall_f1": 0.7806122448979592,
    "fpr_1pct": {
      "threshold": 4.281786337352934,
      "tpr": 0.7372448979591837,
      "fpr": 0.009962180610644774
    },
    "fpr_5pct": {
      "threshold": 1.692659880965948,
      "tpr": 0.9846938775510204,
      "fpr": 0.049995387879346924
    },
    "n_pos_sentences": 392,
    "n_neg_sentences": 10841
  }
}