{
  "indicator_name": "Error Calibration",
  "probe_type": "linear",
  "label_mode": "span",
  "reasoning_only": false,
  "reasoning_positive_only": true,
  "training_data_path": "/workspace-vast/kaiwen/persona_vectors/data_generation/probe/data/v4_v2_6_combined_v2/error_calibration.json",
  "n_positive_turns": 696,
  "n_negative_turns": 1792,
  "detect_layers": [
    29
  ],
  "reg_coeff": 10.0,
  "normalize": true,
  "model_name": "glm-9b-flash",
  "timestamp": "20260416_053501",
  "val_thresholds": {
    "threshold_mode": "sentence",
    "span_overlap": {
      "auroc": 0.9822744799692185,
      "pr_auc": 0.6449164725859469,
      "best_accuracy": 0.9667482660138719,
      "threshold_accuracy": 3.239857959317013,
      "precision_accuracy": 0.6513605442176871,
      "recall_accuracy": 0.5742128935532234,
      "best_f1": 0.6686425607587434,
      "threshold_f1": 2.337741355101268,
      "precision_f1": 0.5529411764705883,
      "recall_f1": 0.8455772113943029,
      "fpr_1pct": {
        "threshold": 3.611435526089914,
        "tpr": 0.4272863568215892,
        "fpr": 0.009972220243607095
      },
      "fpr_5pct": {
        "threshold": 1.6780772047738233,
        "tpr": 0.9505247376311844,
        "fpr": 0.04993233136263266
      },
      "n_pos": 667,
      "n_neg": 14039
    },
    "same_turn": {
      "auroc": 0.9620998738373969,
      "pr_auc": 0.8662441540212038,
      "best_accuracy": 0.9552563579491364,
      "threshold_accuracy": 1.5143542618623802,
      "precision_accuracy": 0.8725490196078431,
      "recall_accuracy": 0.7235772357723578,
      "best_f1": 0.7947464874770923,
      "threshold_f1": 1.2743943892419338,
      "precision_f1": 0.8382731958762887,
      "recall_f1": 0.7555168408826946,
      "fpr_1pct": {
        "threshold": 1.7445041653386748,
        "tpr": 0.6835075493612079,
        "fpr": 0.009935304990757857
      },
      "fpr_5pct": {
        "threshold": 0.7243929008177171,
        "tpr": 0.8403019744483159,
        "fpr": 0.04998459642637092
      },
      "n_pos": 1722,
      "n_neg": 12984
    },
    "turn_level": {
      "auroc": 0.994267010513787,
      "pr_auc": 0.9833983752898886,
      "best_accuracy": 0.9778672032193159,
      "threshold_accuracy": 2.955444546540578,
      "precision_accuracy": 0.9517241379310345,
      "recall_accuracy": 0.971830985915493,
      "best_f1": 0.9616724738675958,
      "threshold_f1": 2.955444546540578,
      "precision_f1": 0.9517241379310345,
      "recall_f1": 0.971830985915493,
      "fpr_1pct": {
        "threshold": 3.432881702427511,
        "tpr": 0.8591549295774648,
        "fpr": 0.008450704225352112
      },
      "fpr_5pct": {
        "threshold": 2.499029973337242,
        "tpr": 0.9929577464788732,
        "fpr": 0.04788732394366197
      },
      "n_pos": 142,
      "n_neg": 355
    },
    "clean_label": {
      "auroc": 0.9974240005690316,
      "pr_auc": 0.951735425521582,
      "best_accuracy": 0.9892315581276097,
      "threshold_accuracy": 2.135121147121702,
      "precision_accuracy": 0.8892215568862275,
      "recall_accuracy": 0.8905547226386806,
      "best_f1": 0.8898876404494381,
      "threshold_f1": 2.135121147121702,
      "precision_f1": 0.8892215568862275,
      "recall_f1": 0.8905547226386806,
      "fpr_1pct": {
        "threshold": 1.7456457589248506,
        "tpr": 0.9445277361319341,
        "fpr": 0.009935304990757857
      },
      "fpr_5pct": {
        "threshold": 0.7243929008177171,
        "tpr": 0.9940029985007496,
        "fpr": 0.04998459642637092
      },
      "n_pos": 667,
      "n_neg": 12984
    },
    "auroc": 0.9822744799692185,
    "pr_auc": 0.6449164725859469,
    "best_accuracy": 0.9667482660138719,
    "threshold_accuracy": 3.239857959317013,
    "precision_accuracy": 0.6513605442176871,
    "recall_accuracy": 0.5742128935532234,
    "best_f1": 0.6686425607587434,
    "threshold_f1": 2.337741355101268,
    "precision_f1": 0.5529411764705883,
    "recall_f1": 0.8455772113943029,
    "fpr_1pct": {
      "threshold": 3.611435526089914,
      "tpr": 0.4272863568215892,
      "fpr": 0.009972220243607095
    },
    "fpr_5pct": {
      "threshold": 1.6780772047738233,
      "tpr": 0.9505247376311844,
      "fpr": 0.04993233136263266
    },
    "n_pos_sentences": 667,
    "n_neg_sentences": 14039
  }
}