{
  "indicator_name": "Concerns on Self-Existence",
  "probe_type": "linear",
  "label_mode": "span",
  "reasoning_only": false,
  "reasoning_positive_only": true,
  "training_data_path": "/workspace-vast/kaiwen/persona_vectors/data_generation/probe/data/v4_v2_6_combined_v2/concerns_on_self_existence.json",
  "n_positive_turns": 813,
  "n_negative_turns": 1695,
  "detect_layers": [
    29
  ],
  "reg_coeff": 10.0,
  "normalize": true,
  "model_name": "glm-9b-flash",
  "timestamp": "20260416_051800",
  "val_thresholds": {
    "threshold_mode": "sentence",
    "span_overlap": {
      "auroc": 0.9829898902319211,
      "pr_auc": 0.6415913114191795,
      "best_accuracy": 0.9767486548808608,
      "threshold_accuracy": 3.5726184912756374,
      "precision_accuracy": 0.6745098039215687,
      "recall_accuracy": 0.5196374622356495,
      "best_f1": 0.6014388489208633,
      "threshold_f1": 3.143774651309364,
      "precision_f1": 0.5741758241758241,
      "recall_f1": 0.6314199395770392,
      "fpr_1pct": {
        "threshold": 3.4708446682031666,
        "tpr": 0.5558912386706949,
        "fpr": 0.009923588369554431
      },
      "fpr_5pct": {
        "threshold": 1.7902495007102306,
        "tpr": 0.9305135951661632,
        "fpr": 0.04991564949885879
      },
      "n_pos": 331,
      "n_neg": 10077
    },
    "same_turn": {
      "auroc": 0.9631349782293178,
      "pr_auc": 0.8647644464749312,
      "best_accuracy": 0.963489623366641,
      "threshold_accuracy": 1.3125443997877566,
      "precision_accuracy": 0.8728382502543235,
      "recall_accuracy": 0.77088948787062,
      "best_f1": 0.8222222222222223,
      "threshold_f1": 1.1508577934333255,
      "precision_f1": 0.8481375358166189,
      "recall_f1": 0.7978436657681941,
      "fpr_1pct": {
        "threshold": 1.5381561582669234,
        "tpr": 0.7160826594788859,
        "fpr": 0.009897794513179129
      },
      "fpr_5pct": {
        "threshold": 0.6043568396441688,
        "tpr": 0.8858939802336029,
        "fpr": 0.049919311457772994
      },
      "n_pos": 1113,
      "n_neg": 9295
    },
    "turn_level": {
      "auroc": 0.9854346095389737,
      "pr_auc": 0.9571213981131027,
      "best_accuracy": 0.9660678642714571,
      "threshold_accuracy": 2.4178318006651742,
      "precision_accuracy": 0.92,
      "recall_accuracy": 0.9817073170731707,
      "best_f1": 0.9501466275659824,
      "threshold_f1": 2.350995278203642,
      "precision_f1": 0.9152542372881356,
      "recall_f1": 0.9878048780487805,
      "fpr_1pct": {
        "threshold": 4.5330531468758215,
        "tpr": 0.40853658536585363,
        "fpr": 0.008902077151335312
      },
      "fpr_5pct": {
        "threshold": 2.3318296458039964,
        "tpr": 0.9878048780487805,
        "fpr": 0.04747774480712166
      },
      "n_pos": 164,
      "n_neg": 337
    },
    "clean_label": {
      "auroc": 0.9970818862754722,
      "pr_auc": 0.9205820961827352,
      "best_accuracy": 0.9909619779763141,
      "threshold_accuracy": 1.8769871163451008,
      "precision_accuracy": 0.8297297297297297,
      "recall_accuracy": 0.9274924471299094,
      "best_f1": 0.87624466571835,
      "threshold_f1": 1.8611865189990828,
      "precision_f1": 0.8279569892473119,
      "recall_f1": 0.9305135951661632,
      "fpr_1pct": {
        "threshold": 1.5402502052131153,
        "tpr": 0.9577039274924471,
        "fpr": 0.009897794513179129
      },
      "fpr_5pct": {
        "threshold": 0.6043568396441688,
        "tpr": 0.9939577039274925,
        "fpr": 0.049919311457772994
      },
      "n_pos": 331,
      "n_neg": 9295
    },
    "auroc": 0.9829898902319211,
    "pr_auc": 0.6415913114191795,
    "best_accuracy": 0.9767486548808608,
    "threshold_accuracy": 3.5726184912756374,
    "precision_accuracy": 0.6745098039215687,
    "recall_accuracy": 0.5196374622356495,
    "best_f1": 0.6014388489208633,
    "threshold_f1": 3.143774651309364,
    "precision_f1": 0.5741758241758241,
    "recall_f1": 0.6314199395770392,
    "fpr_1pct": {
      "threshold": 3.4708446682031666,
      "tpr": 0.5558912386706949,
      "fpr": 0.009923588369554431
    },
    "fpr_5pct": {
      "threshold": 1.7902495007102306,
      "tpr": 0.9305135951661632,
      "fpr": 0.04991564949885879
    },
    "n_pos_sentences": 331,
    "n_neg_sentences": 10077
  }
}