{
  "indicator_name": "Concerns on Self-Existence",
  "probe_type": "linear",
  "label_mode": "span",
  "reasoning_only": false,
  "reasoning_positive_only": true,
  "training_data_path": "/workspace-vast/kaiwen/persona_vectors/data_generation/probe/data/v4_v2_6_combined_v2/concerns_on_self_existence.json",
  "n_positive_turns": 813,
  "n_negative_turns": 1695,
  "detect_layers": [
    27
  ],
  "reg_coeff": 10.0,
  "normalize": true,
  "model_name": "glm-9b-flash",
  "timestamp": "20260416_051800",
  "val_thresholds": {
    "threshold_mode": "sentence",
    "span_overlap": {
      "auroc": 0.9829350256799082,
      "pr_auc": 0.6400989873421531,
      "best_accuracy": 0.9769408147578785,
      "threshold_accuracy": 4.283124434380304,
      "precision_accuracy": 0.7096774193548387,
      "recall_accuracy": 0.4652567975830816,
      "best_f1": 0.6045801526717558,
      "threshold_f1": 3.7183712877670647,
      "precision_f1": 0.6111111111111112,
      "recall_f1": 0.5981873111782477,
      "fpr_1pct": {
        "threshold": 3.883569748006402,
        "tpr": 0.5589123867069486,
        "fpr": 0.009923588369554431
      },
      "fpr_5pct": {
        "threshold": 1.9414793183042474,
        "tpr": 0.9305135951661632,
        "fpr": 0.04991564949885879
      },
      "n_pos": 331,
      "n_neg": 10077
    },
    "same_turn": {
      "auroc": 0.9623427370887456,
      "pr_auc": 0.8659839448382798,
      "best_accuracy": 0.9643543428132206,
      "threshold_accuracy": 1.2190323704723398,
      "precision_accuracy": 0.8553639846743295,
      "recall_accuracy": 0.8023360287511231,
      "best_f1": 0.8280018544274456,
      "threshold_f1": 1.2190323704723398,
      "precision_f1": 0.8553639846743295,
      "recall_f1": 0.8023360287511231,
      "fpr_1pct": {
        "threshold": 1.6449983321171213,
        "tpr": 0.7250673854447439,
        "fpr": 0.009897794513179129
      },
      "fpr_5pct": {
        "threshold": 0.6295616179704666,
        "tpr": 0.8796046720575023,
        "fpr": 0.049919311457772994
      },
      "n_pos": 1113,
      "n_neg": 9295
    },
    "turn_level": {
      "auroc": 0.986176449301585,
      "pr_auc": 0.9599326750810074,
      "best_accuracy": 0.9620758483033932,
      "threshold_accuracy": 2.8505218084865542,
      "precision_accuracy": 0.9289940828402367,
      "recall_accuracy": 0.9573170731707317,
      "best_f1": 0.9439528023598821,
      "threshold_f1": 2.57686597139885,
      "precision_f1": 0.9142857142857143,
      "recall_f1": 0.975609756097561,
      "fpr_1pct": {
        "threshold": 4.752088973068055,
        "tpr": 0.5426829268292683,
        "fpr": 0.008902077151335312
      },
      "fpr_5pct": {
        "threshold": 2.5232586241637667,
        "tpr": 0.975609756097561,
        "fpr": 0.04747774480712166
      },
      "n_pos": 164,
      "n_neg": 337
    },
    "clean_label": {
      "auroc": 0.9971156893304232,
      "pr_auc": 0.9253754330619605,
      "best_accuracy": 0.9911697485975484,
      "threshold_accuracy": 2.104815066017273,
      "precision_accuracy": 0.8379120879120879,
      "recall_accuracy": 0.9214501510574018,
      "best_f1": 0.8787446504992867,
      "threshold_f1": 2.0736202451647543,
      "precision_f1": 0.8324324324324325,
      "recall_f1": 0.9305135951661632,
      "fpr_1pct": {
        "threshold": 1.6449983321171213,
        "tpr": 0.9577039274924471,
        "fpr": 0.009897794513179129
      },
      "fpr_5pct": {
        "threshold": 0.6295616179704666,
        "tpr": 0.9939577039274925,
        "fpr": 0.049919311457772994
      },
      "n_pos": 331,
      "n_neg": 9295
    },
    "auroc": 0.9829350256799082,
    "pr_auc": 0.6400989873421531,
    "best_accuracy": 0.9769408147578785,
    "threshold_accuracy": 4.283124434380304,
    "precision_accuracy": 0.7096774193548387,
    "recall_accuracy": 0.4652567975830816,
    "best_f1": 0.6045801526717558,
    "threshold_f1": 3.7183712877670647,
    "precision_f1": 0.6111111111111112,
    "recall_f1": 0.5981873111782477,
    "fpr_1pct": {
      "threshold": 3.883569748006402,
      "tpr": 0.5589123867069486,
      "fpr": 0.009923588369554431
    },
    "fpr_5pct": {
      "threshold": 1.9414793183042474,
      "tpr": 0.9305135951661632,
      "fpr": 0.04991564949885879
    },
    "n_pos_sentences": 331,
    "n_neg_sentences": 10077
  }
}