{
  "indicator_name": "Adversarial User Framing",
  "probe_type": "linear",
  "label_mode": "span",
  "reasoning_only": false,
  "reasoning_positive_only": true,
  "training_data_path": "/workspace-vast/kaiwen/persona_vectors/data_generation/probe/data/v4_v2_6_combined_v2/adversarial_user_framing.json",
  "n_positive_turns": 741,
  "n_negative_turns": 1674,
  "detect_layers": [
    27
  ],
  "reg_coeff": 10.0,
  "normalize": true,
  "model_name": "glm-9b-flash",
  "timestamp": "20260416_051023",
  "val_thresholds": {
    "threshold_mode": "sentence",
    "span_overlap": {
      "auroc": 0.9877986579524259,
      "pr_auc": 0.717433341415421,
      "best_accuracy": 0.9717221227259873,
      "threshold_accuracy": 3.616150264556591,
      "precision_accuracy": 0.671578947368421,
      "recall_accuracy": 0.6889848812095032,
      "best_f1": 0.7238095238095238,
      "threshold_f1": 2.552208155880754,
      "precision_f1": 0.6040462427745664,
      "recall_f1": 0.9028077753779697,
      "fpr_1pct": {
        "threshold": 4.268057772575641,
        "tpr": 0.531317494600432,
        "fpr": 0.009954661935738221
      },
      "fpr_5pct": {
        "threshold": 1.1145337123445989,
        "tpr": 0.9935205183585313,
        "fpr": 0.04997043169722058
      },
      "n_pos": 463,
      "n_neg": 10146
    },
    "same_turn": {
      "auroc": 0.9618041739174804,
      "pr_auc": 0.8703519633478372,
      "best_accuracy": 0.97011970968046,
      "threshold_accuracy": 1.6339242518335193,
      "precision_accuracy": 0.9152744630071599,
      "recall_accuracy": 0.7571569595261599,
      "best_f1": 0.8323045267489712,
      "threshold_f1": 1.222215477656573,
      "precision_f1": 0.8689581095596133,
      "recall_f1": 0.7986179664363278,
      "fpr_1pct": {
        "threshold": 1.4344070161329232,
        "tpr": 0.7749259624876604,
        "fpr": 0.009899958315964985
      },
      "fpr_5pct": {
        "threshold": 0.6133847077515044,
        "tpr": 0.8696939782823297,
        "fpr": 0.04991663192997082
      },
      "n_pos": 1013,
      "n_neg": 9596
    },
    "turn_level": {
      "auroc": 0.9923735119047619,
      "pr_auc": 0.9802180075282595,
      "best_accuracy": 0.96875,
      "threshold_accuracy": 2.619460727580469,
      "precision_accuracy": 0.910828025477707,
      "recall_accuracy": 0.9930555555555556,
      "best_f1": 0.9501661129568106,
      "threshold_f1": 2.619460727580469,
      "precision_f1": 0.910828025477707,
      "recall_f1": 0.9930555555555556,
      "fpr_1pct": {
        "threshold": 4.841840788170144,
        "tpr": 0.75,
        "fpr": 0.008928571428571428
      },
      "fpr_5pct": {
        "threshold": 2.2267832505446608,
        "tpr": 1.0,
        "fpr": 0.047619047619047616
      },
      "n_pos": 144,
      "n_neg": 336
    },
    "clean_label": {
      "auroc": 0.9981960175991256,
      "pr_auc": 0.9558814279824632,
      "best_accuracy": 0.9927428173774729,
      "threshold_accuracy": 1.9930651002044022,
      "precision_accuracy": 0.8963414634146342,
      "recall_accuracy": 0.9524838012958964,
      "best_f1": 0.9235602094240838,
      "threshold_f1": 1.9930651002044022,
      "precision_f1": 0.8963414634146342,
      "recall_f1": 0.9524838012958964,
      "fpr_1pct": {
        "threshold": 1.4344070161329232,
        "tpr": 0.9827213822894169,
        "fpr": 0.009899958315964985
      },
      "fpr_5pct": {
        "threshold": 0.6133847077515044,
        "tpr": 1.0,
        "fpr": 0.04991663192997082
      },
      "n_pos": 463,
      "n_neg": 9596
    },
    "auroc": 0.9877986579524259,
    "pr_auc": 0.717433341415421,
    "best_accuracy": 0.9717221227259873,
    "threshold_accuracy": 3.616150264556591,
    "precision_accuracy": 0.671578947368421,
    "recall_accuracy": 0.6889848812095032,
    "best_f1": 0.7238095238095238,
    "threshold_f1": 2.552208155880754,
    "precision_f1": 0.6040462427745664,
    "recall_f1": 0.9028077753779697,
    "fpr_1pct": {
      "threshold": 4.268057772575641,
      "tpr": 0.531317494600432,
      "fpr": 0.009954661935738221
    },
    "fpr_5pct": {
      "threshold": 1.1145337123445989,
      "tpr": 0.9935205183585313,
      "fpr": 0.04997043169722058
    },
    "n_pos_sentences": 463,
    "n_neg_sentences": 10146
  }
}