{
  "indicator_name": "Strategic Framing",
  "probe_type": "linear",
  "label_mode": "span",
  "reasoning_only": false,
  "reasoning_positive_only": true,
  "training_data_path": "/workspace-vast/kaiwen/persona_vectors/data_generation/probe/data/v4_v2_6_combined_v2/strategic_framing.json",
  "n_positive_turns": 1090,
  "n_negative_turns": 3670,
  "detect_layers": [
    29
  ],
  "reg_coeff": 10.0,
  "normalize": true,
  "model_name": "glm-9b-flash",
  "timestamp": "20260416_054524",
  "val_thresholds": {
    "threshold_mode": "sentence",
    "span_overlap": {
      "auroc": 0.983731734178518,
      "pr_auc": 0.566762643849592,
      "best_accuracy": 0.9764315174888853,
      "threshold_accuracy": 2.3555584058853296,
      "precision_accuracy": 0.5785123966942148,
      "recall_accuracy": 0.5426356589147286,
      "best_f1": 0.6147248034310222,
      "threshold_f1": 1.6934395701600158,
      "precision_f1": 0.4869762174405436,
      "recall_f1": 0.8333333333333334,
      "fpr_1pct": {
        "threshold": 2.436178546571404,
        "tpr": 0.48255813953488375,
        "fpr": 0.009970803723902385
      },
      "fpr_5pct": {
        "threshold": 0.8804862743937502,
        "tpr": 0.9593023255813954,
        "fpr": 0.04996419324629538
      },
      "n_pos": 516,
      "n_neg": 18153
    },
    "same_turn": {
      "auroc": 0.9438753897440668,
      "pr_auc": 0.8132771363110369,
      "best_accuracy": 0.9507740103915582,
      "threshold_accuracy": 0.8827728200203033,
      "precision_accuracy": 0.8892065761258041,
      "recall_accuracy": 0.6195219123505976,
      "best_f1": 0.7470922369488775,
      "threshold_f1": 0.6789915551112973,
      "precision_f1": 0.8176435760805211,
      "recall_f1": 0.6877490039840638,
      "fpr_1pct": {
        "threshold": 0.8645741980184208,
        "tpr": 0.6225099601593626,
        "fpr": 0.009963387551767601
      },
      "fpr_5pct": {
        "threshold": 0.4445214574248765,
        "tpr": 0.7788844621513944,
        "fpr": 0.04999699897965308
      },
      "n_pos": 2008,
      "n_neg": 16661
    },
    "turn_level": {
      "auroc": 0.9954886762746761,
      "pr_auc": 0.9838893786457095,
      "best_accuracy": 0.9767932489451476,
      "threshold_accuracy": 1.571529833057574,
      "precision_accuracy": 0.9262295081967213,
      "recall_accuracy": 0.9826086956521739,
      "best_f1": 0.9535864978902953,
      "threshold_f1": 1.571529833057574,
      "precision_f1": 0.9262295081967213,
      "recall_f1": 0.9826086956521739,
      "fpr_1pct": {
        "threshold": 2.3069242512064627,
        "tpr": 0.8,
        "fpr": 0.009749303621169917
      },
      "fpr_5pct": {
        "threshold": 1.1228652305854903,
        "tpr": 1.0,
        "fpr": 0.04874651810584958
      },
      "n_pos": 230,
      "n_neg": 718
    },
    "clean_label": {
      "auroc": 0.9966811971884394,
      "pr_auc": 0.9449549603544112,
      "best_accuracy": 0.993770739942947,
      "threshold_accuracy": 1.3661855764213613,
      "precision_accuracy": 0.8851224105461394,
      "recall_accuracy": 0.9108527131782945,
      "best_f1": 0.897803247373448,
      "threshold_f1": 1.3661855764213613,
      "precision_f1": 0.8851224105461394,
      "recall_f1": 0.9108527131782945,
      "fpr_1pct": {
        "threshold": 0.8645741980184208,
        "tpr": 0.9612403100775194,
        "fpr": 0.009963387551767601
      },
      "fpr_5pct": {
        "threshold": 0.4445214574248765,
        "tpr": 0.9903100775193798,
        "fpr": 0.04999699897965308
      },
      "n_pos": 516,
      "n_neg": 16661
    },
    "auroc": 0.983731734178518,
    "pr_auc": 0.566762643849592,
    "best_accuracy": 0.9764315174888853,
    "threshold_accuracy": 2.3555584058853296,
    "precision_accuracy": 0.5785123966942148,
    "recall_accuracy": 0.5426356589147286,
    "best_f1": 0.6147248034310222,
    "threshold_f1": 1.6934395701600158,
    "precision_f1": 0.4869762174405436,
    "recall_f1": 0.8333333333333334,
    "fpr_1pct": {
      "threshold": 2.436178546571404,
      "tpr": 0.48255813953488375,
      "fpr": 0.009970803723902385
    },
    "fpr_5pct": {
      "threshold": 0.8804862743937502,
      "tpr": 0.9593023255813954,
      "fpr": 0.04996419324629538
    },
    "n_pos_sentences": 516,
    "n_neg_sentences": 18153
  }
}