{
  "indicator_name": "Self-Preservation Action Planning",
  "probe_type": "linear",
  "label_mode": "span",
  "reasoning_only": false,
  "reasoning_positive_only": true,
  "training_data_path": "/workspace-vast/kaiwen/persona_vectors/data_generation/probe/data/v4_v2_6_combined_v2/self_preservation_action_planning.json",
  "n_positive_turns": 608,
  "n_negative_turns": 2377,
  "detect_layers": [
    29
  ],
  "reg_coeff": 10.0,
  "normalize": true,
  "model_name": "glm-9b-flash",
  "timestamp": "20260416_054445",
  "val_thresholds": {
    "threshold_mode": "sentence",
    "span_overlap": {
      "auroc": 0.9826779325165471,
      "pr_auc": 0.5522987532794715,
      "best_accuracy": 0.9713091698143534,
      "threshold_accuracy": 3.656703719496727,
      "precision_accuracy": 0.6051660516605166,
      "recall_accuracy": 0.3961352657004831,
      "best_f1": 0.6111111111111112,
      "threshold_f1": 2.049307669202487,
      "precision_f1": 0.47696476964769646,
      "recall_f1": 0.8502415458937198,
      "fpr_1pct": {
        "threshold": 3.5756377359231313,
        "tpr": 0.41304347826086957,
        "fpr": 0.00997589159531133
      },
      "fpr_5pct": {
        "threshold": 1.1979851001260444,
        "tpr": 0.9830917874396136,
        "fpr": 0.049962590406517585
      },
      "n_pos": 414,
      "n_neg": 12029
    },
    "same_turn": {
      "auroc": 0.9679724852684547,
      "pr_auc": 0.8524888559755979,
      "best_accuracy": 0.9723539339387608,
      "threshold_accuracy": 1.1498224665269707,
      "precision_accuracy": 0.8563049853372434,
      "recall_accuracy": 0.8164026095060578,
      "best_f1": 0.8366313851817764,
      "threshold_f1": 0.9735895486376365,
      "precision_f1": 0.8263636363636364,
      "recall_f1": 0.8471575023299162,
      "fpr_1pct": {
        "threshold": 1.440957516445355,
        "tpr": 0.7548928238583411,
        "fpr": 0.009938434476693053
      },
      "fpr_5pct": {
        "threshold": 0.5039165588428399,
        "tpr": 0.8974836905871388,
        "fpr": 0.04995602462620932
      },
      "n_pos": 1073,
      "n_neg": 11370
    },
    "turn_level": {
      "auroc": 0.9836123472487108,
      "pr_auc": 0.9123012411207283,
      "best_accuracy": 0.9558573853989814,
      "threshold_accuracy": 2.887350060045719,
      "precision_accuracy": 0.8861788617886179,
      "recall_accuracy": 0.9008264462809917,
      "best_f1": 0.8934426229508197,
      "threshold_f1": 2.887350060045719,
      "precision_f1": 0.8861788617886179,
      "recall_f1": 0.9008264462809917,
      "fpr_1pct": {
        "threshold": 4.176991144816081,
        "tpr": 0.4628099173553719,
        "fpr": 0.008547008547008548
      },
      "fpr_5pct": {
        "threshold": 2.2134069310767313,
        "tpr": 0.9338842975206612,
        "fpr": 0.049145299145299144
      },
      "n_pos": 121,
      "n_neg": 468
    },
    "clean_label": {
      "auroc": 0.9967292519087861,
      "pr_auc": 0.8831045544896866,
      "best_accuracy": 0.9892226748133062,
      "threshold_accuracy": 1.5992893198848264,
      "precision_accuracy": 0.7983367983367984,
      "recall_accuracy": 0.927536231884058,
      "best_f1": 0.8590455049944506,
      "threshold_f1": 1.5471107345074415,
      "precision_f1": 0.7946611909650924,
      "recall_f1": 0.9347826086956522,
      "fpr_1pct": {
        "threshold": 1.4411824292079969,
        "tpr": 0.9444444444444444,
        "fpr": 0.009938434476693053
      },
      "fpr_5pct": {
        "threshold": 0.5039165588428399,
        "tpr": 1.0,
        "fpr": 0.04995602462620932
      },
      "n_pos": 414,
      "n_neg": 11370
    },
    "auroc": 0.9826779325165471,
    "pr_auc": 0.5522987532794715,
    "best_accuracy": 0.9713091698143534,
    "threshold_accuracy": 3.656703719496727,
    "precision_accuracy": 0.6051660516605166,
    "recall_accuracy": 0.3961352657004831,
    "best_f1": 0.6111111111111112,
    "threshold_f1": 2.049307669202487,
    "precision_f1": 0.47696476964769646,
    "recall_f1": 0.8502415458937198,
    "fpr_1pct": {
      "threshold": 3.5756377359231313,
      "tpr": 0.41304347826086957,
      "fpr": 0.00997589159531133
    },
    "fpr_5pct": {
      "threshold": 1.1979851001260444,
      "tpr": 0.9830917874396136,
      "fpr": 0.049962590406517585
    },
    "n_pos_sentences": 414,
    "n_neg_sentences": 12029
  }
}