{
  "indicator_name": "Strategic Attention Manipulation",
  "probe_type": "linear",
  "label_mode": "span",
  "reasoning_only": false,
  "reasoning_positive_only": true,
  "training_data_path": "/workspace-vast/kaiwen/persona_vectors/data_generation/probe/data/v4_v2_6_combined_v2/strategic_attention_manipulation.json",
  "n_positive_turns": 621,
  "n_negative_turns": 1538,
  "detect_layers": [
    29
  ],
  "reg_coeff": 10.0,
  "normalize": true,
  "model_name": "glm-9b-flash",
  "timestamp": "20260416_052858",
  "val_thresholds": {
    "threshold_mode": "sentence",
    "span_overlap": {
      "auroc": 0.9911282561462343,
      "pr_auc": 0.6930970329518388,
      "best_accuracy": 0.9822261540936142,
      "threshold_accuracy": 3.040137451842315,
      "precision_accuracy": 0.6936026936026936,
      "recall_accuracy": 0.6130952380952381,
      "best_f1": 0.698019801980198,
      "threshold_f1": 2.3083366950246855,
      "precision_f1": 0.597457627118644,
      "recall_f1": 0.8392857142857143,
      "fpr_1pct": {
        "threshold": 2.8647266833555127,
        "tpr": 0.6636904761904762,
        "fpr": 0.009918994875185981
      },
      "fpr_5pct": {
        "threshold": 0.8385812868851992,
        "tpr": 0.9940476190476191,
        "fpr": 0.049925607538436105
      },
      "n_pos": 336,
      "n_neg": 12098
    },
    "same_turn": {
      "auroc": 0.9079916376439112,
      "pr_auc": 0.7166819244854675,
      "best_accuracy": 0.9557664468393116,
      "threshold_accuracy": 1.2159778203429847,
      "precision_accuracy": 0.7997293640054127,
      "recall_accuracy": 0.595166163141994,
      "best_f1": 0.6948453608247424,
      "threshold_f1": 0.825086754495171,
      "precision_f1": 0.7117212249208026,
      "recall_f1": 0.6787512588116817,
      "fpr_1pct": {
        "threshold": 1.4361638314984209,
        "tpr": 0.5548841893252769,
        "fpr": 0.009964163971680796
      },
      "fpr_5pct": {
        "threshold": 0.5354308682662021,
        "tpr": 0.7321248741188319,
        "fpr": 0.049995629752644
      },
      "n_pos": 993,
      "n_neg": 11441
    },
    "turn_level": {
      "auroc": 0.9891885080645161,
      "pr_auc": 0.9576742206365817,
      "best_accuracy": 0.954337899543379,
      "threshold_accuracy": 2.9730436132325755,
      "precision_accuracy": 0.9153846153846154,
      "recall_accuracy": 0.9296875,
      "best_f1": 0.9224806201550388,
      "threshold_f1": 2.9730436132325755,
      "precision_f1": 0.9153846153846154,
      "recall_f1": 0.9296875,
      "fpr_1pct": {
        "threshold": 3.4752974540672517,
        "tpr": 0.8046875,
        "fpr": 0.00967741935483871
      },
      "fpr_5pct": {
        "threshold": 2.848546460822776,
        "tpr": 0.9453125,
        "fpr": 0.04838709677419355
      },
      "n_pos": 128,
      "n_neg": 310
    },
    "clean_label": {
      "auroc": 0.9973747299811455,
      "pr_auc": 0.9027243801449267,
      "best_accuracy": 0.9911692281565764,
      "threshold_accuracy": 2.340867072154605,
      "precision_accuracy": 0.8558282208588958,
      "recall_accuracy": 0.8303571428571429,
      "best_f1": 0.8498659517426272,
      "threshold_f1": 1.5959353592118313,
      "precision_f1": 0.7731707317073171,
      "recall_f1": 0.9434523809523809,
      "fpr_1pct": {
        "threshold": 1.4361638314984209,
        "tpr": 0.9613095238095238,
        "fpr": 0.009964163971680796
      },
      "fpr_5pct": {
        "threshold": 0.5355443043341493,
        "tpr": 0.9970238095238095,
        "fpr": 0.049995629752644
      },
      "n_pos": 336,
      "n_neg": 11441
    },
    "auroc": 0.9911282561462343,
    "pr_auc": 0.6930970329518388,
    "best_accuracy": 0.9822261540936142,
    "threshold_accuracy": 3.040137451842315,
    "precision_accuracy": 0.6936026936026936,
    "recall_accuracy": 0.6130952380952381,
    "best_f1": 0.698019801980198,
    "threshold_f1": 2.3083366950246855,
    "precision_f1": 0.597457627118644,
    "recall_f1": 0.8392857142857143,
    "fpr_1pct": {
      "threshold": 2.8647266833555127,
      "tpr": 0.6636904761904762,
      "fpr": 0.009918994875185981
    },
    "fpr_5pct": {
      "threshold": 0.8385812868851992,
      "tpr": 0.9940476190476191,
      "fpr": 0.049925607538436105
    },
    "n_pos_sentences": 336,
    "n_neg_sentences": 12098
  }
}