{
  "indicator_name": "Strategic Underperformance Reasoning",
  "probe_type": "linear",
  "label_mode": "span",
  "reasoning_only": false,
  "reasoning_positive_only": true,
  "training_data_path": "probe/data/v4_v2_6_combined_v2/strategic_underperformance_reasoning.json",
  "n_positive_turns": 827,
  "n_negative_turns": 1584,
  "detect_layers": [
    25
  ],
  "reg_coeff": 10.0,
  "normalize": true,
  "model_name": "qwen-35b",
  "timestamp": "20260616_212226",
  "val_thresholds": {
    "threshold_mode": "sentence",
    "span_overlap": {
      "auroc": 0.9815988061715498,
      "pr_auc": 0.7382676027834086,
      "best_accuracy": 0.9742500663658084,
      "threshold_accuracy": 4.5238848203267805,
      "precision_accuracy": 0.7223140495867768,
      "recall_accuracy": 0.665144596651446,
      "best_f1": 0.7233226837060702,
      "threshold_f1": 2.9641076362308336,
      "precision_f1": 0.6233480176211453,
      "recall_f1": 0.8614916286149162,
      "fpr_1pct": {
        "threshold": 4.857289677126365,
        "tpr": 0.6118721461187214,
        "fpr": 0.009992366941919368
      },
      "fpr_5pct": {
        "threshold": 1.3444233893491058,
        "tpr": 0.9528158295281582,
        "fpr": 0.049961834709596836
      },
      "n_pos": 657,
      "n_neg": 14411
    },
    "same_turn": {
      "auroc": 0.9327331643144022,
      "pr_auc": 0.7757149020573388,
      "best_accuracy": 0.9510220334483674,
      "threshold_accuracy": 2.1784693939551234,
      "precision_accuracy": 0.872539831302718,
      "recall_accuracy": 0.6073059360730594,
      "best_f1": 0.7273996509598604,
      "threshold_f1": 1.3649235543879596,
      "precision_f1": 0.7822822822822822,
      "recall_f1": 0.6797129810828441,
      "fpr_1pct": {
        "threshold": 2.1821977630257607,
        "tpr": 0.6060013046314416,
        "fpr": 0.009974141115626155
      },
      "fpr_5pct": {
        "threshold": 0.7679958013773319,
        "tpr": 0.7632093933463796,
        "fpr": 0.04994458810491319
      },
      "n_pos": 1533,
      "n_neg": 13535
    },
    "turn_level": {
      "auroc": 0.9810081845238096,
      "pr_auc": 0.9435642276535614,
      "best_accuracy": 0.9467213114754098,
      "threshold_accuracy": 4.491667005419731,
      "precision_accuracy": 0.8944444444444445,
      "recall_accuracy": 0.9583333333333334,
      "best_f1": 0.9252873563218391,
      "threshold_f1": 4.491667005419731,
      "precision_f1": 0.8944444444444445,
      "recall_f1": 0.9583333333333334,
      "fpr_1pct": {
        "threshold": 6.65765195981316,
        "tpr": 0.5714285714285714,
        "fpr": 0.009375
      },
      "fpr_5pct": {
        "threshold": 5.185821795625385,
        "tpr": 0.8988095238095238,
        "fpr": 0.05
      },
      "n_pos": 168,
      "n_neg": 320
    },
    "clean_label": {
      "auroc": 0.9899337587482478,
      "pr_auc": 0.8961982721310462,
      "best_accuracy": 0.9880918827508456,
      "threshold_accuracy": 2.8347033615677786,
      "precision_accuracy": 0.8719512195121951,
      "recall_accuracy": 0.8706240487062404,
      "best_f1": 0.8742603550295859,
      "threshold_f1": 2.5548205233209735,
      "precision_f1": 0.8503597122302158,
      "recall_f1": 0.8995433789954338,
      "fpr_1pct": {
        "threshold": 2.1914540076485047,
        "tpr": 0.9147640791476408,
        "fpr": 0.009974141115626155
      },
      "fpr_5pct": {
        "threshold": 0.7679958013773319,
        "tpr": 0.9619482496194824,
        "fpr": 0.04994458810491319
      },
      "n_pos": 657,
      "n_neg": 13535
    },
    "auroc": 0.9815988061715498,
    "pr_auc": 0.7382676027834086,
    "best_accuracy": 0.9742500663658084,
    "threshold_accuracy": 4.5238848203267805,
    "precision_accuracy": 0.7223140495867768,
    "recall_accuracy": 0.665144596651446,
    "best_f1": 0.7233226837060702,
    "threshold_f1": 2.9641076362308336,
    "precision_f1": 0.6233480176211453,
    "recall_f1": 0.8614916286149162,
    "fpr_1pct": {
      "threshold": 4.857289677126365,
      "tpr": 0.6118721461187214,
      "fpr": 0.009992366941919368
    },
    "fpr_5pct": {
      "threshold": 1.3444233893491058,
      "tpr": 0.9528158295281582,
      "fpr": 0.049961834709596836
    },
    "n_pos_sentences": 657,
    "n_neg_sentences": 14411
  }
}