{
  "indicator_name": "Strategic Attention Manipulation",
  "probe_type": "linear",
  "label_mode": "span",
  "reasoning_only": false,
  "reasoning_positive_only": true,
  "training_data_path": "probe/data/v4_v2_6_combined_v2/strategic_attention_manipulation.json",
  "n_positive_turns": 621,
  "n_negative_turns": 1538,
  "detect_layers": [
    25
  ],
  "reg_coeff": 10.0,
  "normalize": true,
  "model_name": "qwen-35b",
  "timestamp": "20260616_203743",
  "val_thresholds": {
    "threshold_mode": "sentence",
    "span_overlap": {
      "auroc": 0.9915220234472365,
      "pr_auc": 0.7212766531131253,
      "best_accuracy": 0.9855341246290801,
      "threshold_accuracy": 3.394792724581186,
      "precision_accuracy": 0.7373737373737373,
      "recall_accuracy": 0.6517857142857143,
      "best_f1": 0.7018970189701897,
      "threshold_f1": 2.8366467032544502,
      "precision_f1": 0.6442786069651741,
      "recall_f1": 0.7708333333333334,
      "fpr_1pct": {
        "threshold": 2.965721744101965,
        "tpr": 0.7380952380952381,
        "fpr": 0.009966524650030431
      },
      "fpr_5pct": {
        "threshold": 0.8065850954541627,
        "tpr": 0.9851190476190477,
        "fpr": 0.04998478393183201
      },
      "n_pos": 336,
      "n_neg": 13144
    },
    "same_turn": {
      "auroc": 0.9157507695213495,
      "pr_auc": 0.6982003186195341,
      "best_accuracy": 0.9571958456973294,
      "threshold_accuracy": 1.8183560628348436,
      "precision_accuracy": 0.8561643835616438,
      "recall_accuracy": 0.5035246727089627,
      "best_f1": 0.6627027027027026,
      "threshold_f1": 0.9852203390561044,
      "precision_f1": 0.7152858809801633,
      "recall_f1": 0.6173212487411883,
      "fpr_1pct": {
        "threshold": 1.4947619660346358,
        "tpr": 0.5377643504531722,
        "fpr": 0.009930327540642268
      },
      "fpr_5pct": {
        "threshold": 0.5574232418090105,
        "tpr": 0.7230614300100705,
        "fpr": 0.04997197084968367
      },
      "n_pos": 993,
      "n_neg": 12487
    },
    "turn_level": {
      "auroc": 0.9814703525641025,
      "pr_auc": 0.9164686495629959,
      "best_accuracy": 0.95,
      "threshold_accuracy": 3.3864345749219256,
      "precision_accuracy": 0.9274193548387096,
      "recall_accuracy": 0.8984375,
      "best_f1": 0.9133858267716536,
      "threshold_f1": 3.382630914308523,
      "precision_f1": 0.9206349206349206,
      "recall_f1": 0.90625,
      "fpr_1pct": {
        "threshold": 4.267615078138067,
        "tpr": 0.6328125,
        "fpr": 0.009615384615384616
      },
      "fpr_5pct": {
        "threshold": 3.224329944039966,
        "tpr": 0.9140625,
        "fpr": 0.04807692307692308
      },
      "n_pos": 128,
      "n_neg": 312
    },
    "clean_label": {
      "auroc": 0.9966007504948003,
      "pr_auc": 0.8897481136834348,
      "best_accuracy": 0.9918115885518209,
      "threshold_accuracy": 2.4882299072212644,
      "precision_accuracy": 0.8553846153846154,
      "recall_accuracy": 0.8273809523809523,
      "best_f1": 0.8512396694214877,
      "threshold_f1": 1.8666447564693434,
      "precision_f1": 0.7923076923076923,
      "recall_f1": 0.9196428571428571,
      "fpr_1pct": {
        "threshold": 1.4947619660346358,
        "tpr": 0.9553571428571429,
        "fpr": 0.009930327540642268
      },
      "fpr_5pct": {
        "threshold": 0.5574232418090105,
        "tpr": 0.9910714285714286,
        "fpr": 0.04997197084968367
      },
      "n_pos": 336,
      "n_neg": 12487
    },
    "auroc": 0.9915220234472365,
    "pr_auc": 0.7212766531131253,
    "best_accuracy": 0.9855341246290801,
    "threshold_accuracy": 3.394792724581186,
    "precision_accuracy": 0.7373737373737373,
    "recall_accuracy": 0.6517857142857143,
    "best_f1": 0.7018970189701897,
    "threshold_f1": 2.8366467032544502,
    "precision_f1": 0.6442786069651741,
    "recall_f1": 0.7708333333333334,
    "fpr_1pct": {
      "threshold": 2.965721744101965,
      "tpr": 0.7380952380952381,
      "fpr": 0.009966524650030431
    },
    "fpr_5pct": {
      "threshold": 0.8065850954541627,
      "tpr": 0.9851190476190477,
      "fpr": 0.04998478393183201
    },
    "n_pos_sentences": 336,
    "n_neg_sentences": 13144
  }
}