{
  "indicator_name": "Malicious Consequential Action Planning",
  "probe_type": "linear",
  "label_mode": "span",
  "reasoning_only": false,
  "reasoning_positive_only": true,
  "training_data_path": "probe/data/v4_v2_6_combined_v2/malicious_consequential_action_planning.json",
  "n_positive_turns": 390,
  "n_negative_turns": 689,
  "detect_layers": [
    25
  ],
  "reg_coeff": 10.0,
  "normalize": true,
  "model_name": "qwen-35b",
  "timestamp": "20260616_185808",
  "val_thresholds": {
    "threshold_mode": "sentence",
    "span_overlap": {
      "auroc": 0.9834897963745278,
      "pr_auc": 0.6164600691646909,
      "best_accuracy": 0.9732090856144437,
      "threshold_accuracy": 4.1628938481725495,
      "precision_accuracy": 0.6779661016949152,
      "recall_accuracy": 0.4444444444444444,
      "best_f1": 0.6589861751152073,
      "threshold_f1": 2.8442682456225157,
      "precision_f1": 0.562992125984252,
      "recall_f1": 0.7944444444444444,
      "fpr_1pct": {
        "threshold": 3.899493174458092,
        "tpr": 0.4777777777777778,
        "fpr": 0.009857171595252465
      },
      "fpr_5pct": {
        "threshold": 1.2233512062165472,
        "tpr": 0.9777777777777777,
        "fpr": 0.04988935827801247
      },
      "n_pos": 180,
      "n_neg": 4971
    },
    "same_turn": {
      "auroc": 0.9450587233524377,
      "pr_auc": 0.7642339342711655,
      "best_accuracy": 0.9559308872063677,
      "threshold_accuracy": 1.561435374566777,
      "precision_accuracy": 0.8293963254593176,
      "recall_accuracy": 0.6610878661087866,
      "best_f1": 0.7387802071346375,
      "threshold_f1": 1.460569140305938,
      "precision_f1": 0.8209718670076727,
      "recall_f1": 0.6715481171548117,
      "fpr_1pct": {
        "threshold": 2.2091701498606824,
        "tpr": 0.5711297071129707,
        "fpr": 0.00984378343676439
      },
      "fpr_5pct": {
        "threshold": 0.6387730852915691,
        "tpr": 0.7824267782426778,
        "fpr": 0.049860903060132675
      },
      "n_pos": 478,
      "n_neg": 4673
    },
    "turn_level": {
      "auroc": 0.9505770662695459,
      "pr_auc": 0.8965311847234165,
      "best_accuracy": 0.8976744186046511,
      "threshold_accuracy": 2.777525792164462,
      "precision_accuracy": 0.8131868131868132,
      "recall_accuracy": 0.9367088607594937,
      "best_f1": 0.872093023255814,
      "threshold_f1": 2.695490887201262,
      "precision_f1": 0.8064516129032258,
      "recall_f1": 0.9493670886075949,
      "fpr_1pct": {
        "threshold": 5.688858150281742,
        "tpr": 0.189873417721519,
        "fpr": 0.007352941176470588
      },
      "fpr_5pct": {
        "threshold": 3.8852459837992988,
        "tpr": 0.6708860759493671,
        "fpr": 0.04411764705882353
      },
      "n_pos": 79,
      "n_neg": 136
    },
    "clean_label": {
      "auroc": 0.9937834367643912,
      "pr_auc": 0.8555469859261746,
      "best_accuracy": 0.9866062229548733,
      "threshold_accuracy": 2.3092896513689576,
      "precision_accuracy": 0.7948717948717948,
      "recall_accuracy": 0.8611111111111112,
      "best_f1": 0.8349514563106797,
      "threshold_f1": 1.647220781577958,
      "precision_f1": 0.7413793103448276,
      "recall_f1": 0.9555555555555556,
      "fpr_1pct": {
        "threshold": 2.2091701498606824,
        "tpr": 0.8777777777777778,
        "fpr": 0.00984378343676439
      },
      "fpr_5pct": {
        "threshold": 0.6400770783424378,
        "tpr": 0.9888888888888889,
        "fpr": 0.049860903060132675
      },
      "n_pos": 180,
      "n_neg": 4673
    },
    "auroc": 0.9834897963745278,
    "pr_auc": 0.6164600691646909,
    "best_accuracy": 0.9732090856144437,
    "threshold_accuracy": 4.1628938481725495,
    "precision_accuracy": 0.6779661016949152,
    "recall_accuracy": 0.4444444444444444,
    "best_f1": 0.6589861751152073,
    "threshold_f1": 2.8442682456225157,
    "precision_f1": 0.562992125984252,
    "recall_f1": 0.7944444444444444,
    "fpr_1pct": {
      "threshold": 3.899493174458092,
      "tpr": 0.4777777777777778,
      "fpr": 0.009857171595252465
    },
    "fpr_5pct": {
      "threshold": 1.2233512062165472,
      "tpr": 0.9777777777777777,
      "fpr": 0.04988935827801247
    },
    "n_pos_sentences": 180,
    "n_neg_sentences": 4971
  }
}