{
  "indicator_name": "Fabrication",
  "probe_type": "linear",
  "label_mode": "span",
  "reasoning_only": false,
  "reasoning_positive_only": true,
  "training_data_path": "probe/data/v4_v2_6_combined_v2/fabrication.json",
  "n_positive_turns": 941,
  "n_negative_turns": 1843,
  "detect_layers": [
    25
  ],
  "reg_coeff": 10.0,
  "normalize": true,
  "model_name": "qwen-35b",
  "timestamp": "20260616_185321",
  "val_thresholds": {
    "threshold_mode": "sentence",
    "span_overlap": {
      "auroc": 0.9768749834961089,
      "pr_auc": 0.5047801268537678,
      "best_accuracy": 0.9741544352265475,
      "threshold_accuracy": 3.648113042546006,
      "precision_accuracy": 0.6090909090909091,
      "recall_accuracy": 0.1925287356321839,
      "best_f1": 0.5507853403141362,
      "threshold_f1": 1.7150746656892202,
      "precision_f1": 0.4332784184514003,
      "recall_f1": 0.7557471264367817,
      "fpr_1pct": {
        "threshold": 2.98753225908737,
        "tpr": 0.3649425287356322,
        "fpr": 0.009927797833935019
      },
      "fpr_5pct": {
        "threshold": 1.001362444692618,
        "tpr": 0.8994252873563219,
        "fpr": 0.04996718083360683
      },
      "n_pos": 348,
      "n_neg": 12188
    },
    "same_turn": {
      "auroc": 0.9433351408729586,
      "pr_auc": 0.7705351949524754,
      "best_accuracy": 0.9501435864709636,
      "threshold_accuracy": 0.8739498729600494,
      "precision_accuracy": 0.787,
      "recall_accuracy": 0.6563803169307757,
      "best_f1": 0.7157798999545247,
      "threshold_f1": 0.8739498729600494,
      "precision_f1": 0.787,
      "recall_f1": 0.6563803169307757,
      "fpr_1pct": {
        "threshold": 1.2898606991484052,
        "tpr": 0.5454545454545454,
        "fpr": 0.009967363500044103
      },
      "fpr_5pct": {
        "threshold": 0.49433729979431346,
        "tpr": 0.7631359466221852,
        "fpr": 0.049925024256858075
      },
      "n_pos": 1199,
      "n_neg": 11337
    },
    "turn_level": {
      "auroc": 0.9861974273738979,
      "pr_auc": 0.9679366399773454,
      "best_accuracy": 0.960644007155635,
      "threshold_accuracy": 1.924045873184999,
      "precision_accuracy": 0.893719806763285,
      "recall_accuracy": 1.0,
      "best_f1": 0.9438775510204082,
      "threshold_f1": 1.924045873184999,
      "precision_f1": 0.893719806763285,
      "recall_f1": 1.0,
      "fpr_1pct": {
        "threshold": 3.465859498580297,
        "tpr": 0.5513513513513514,
        "fpr": 0.008021390374331552
      },
      "fpr_5pct": {
        "threshold": 2.2251378968256255,
        "tpr": 0.9567567567567568,
        "fpr": 0.0481283422459893
      },
      "n_pos": 185,
      "n_neg": 374
    },
    "clean_label": {
      "auroc": 0.9923409667663302,
      "pr_auc": 0.848444557304223,
      "best_accuracy": 0.9872486093281986,
      "threshold_accuracy": 1.60149891379882,
      "precision_accuracy": 0.7900874635568513,
      "recall_accuracy": 0.7787356321839081,
      "best_f1": 0.7871148459383753,
      "threshold_f1": 1.4731749294257976,
      "precision_f1": 0.76775956284153,
      "recall_f1": 0.8074712643678161,
      "fpr_1pct": {
        "threshold": 1.2927080949857122,
        "tpr": 0.8448275862068966,
        "fpr": 0.009967363500044103
      },
      "fpr_5pct": {
        "threshold": 0.49433729979431346,
        "tpr": 0.9770114942528736,
        "fpr": 0.049925024256858075
      },
      "n_pos": 348,
      "n_neg": 11337
    },
    "auroc": 0.9768749834961089,
    "pr_auc": 0.5047801268537678,
    "best_accuracy": 0.9741544352265475,
    "threshold_accuracy": 3.648113042546006,
    "precision_accuracy": 0.6090909090909091,
    "recall_accuracy": 0.1925287356321839,
    "best_f1": 0.5507853403141362,
    "threshold_f1": 1.7150746656892202,
    "precision_f1": 0.4332784184514003,
    "recall_f1": 0.7557471264367817,
    "fpr_1pct": {
      "threshold": 2.98753225908737,
      "tpr": 0.3649425287356322,
      "fpr": 0.009927797833935019
    },
    "fpr_5pct": {
      "threshold": 1.001362444692618,
      "tpr": 0.8994252873563219,
      "fpr": 0.04996718083360683
    },
    "n_pos_sentences": 348,
    "n_neg_sentences": 12188
  }
}