{
  "indicator_name": "Strategic Attention Manipulation",
  "probe_type": "linear",
  "label_mode": "span",
  "reasoning_only": false,
  "reasoning_positive_only": true,
  "training_data_path": "/workspace-vast/kaiwen/persona_vectors/data_generation/probe/data/v4_v2_6_combined_v2/strategic_attention_manipulation.json",
  "n_positive_turns": 621,
  "n_negative_turns": 1538,
  "detect_layers": [
    27
  ],
  "reg_coeff": 10.0,
  "normalize": true,
  "model_name": "glm-9b-flash",
  "timestamp": "20260416_052858",
  "val_thresholds": {
    "threshold_mode": "sentence",
    "span_overlap": {
      "auroc": 0.9914468349746908,
      "pr_auc": 0.7030932143044364,
      "best_accuracy": 0.9822261540936142,
      "threshold_accuracy": 3.8115252196742,
      "precision_accuracy": 0.7555555555555555,
      "recall_accuracy": 0.5059523809523809,
      "best_f1": 0.6981132075471698,
      "threshold_f1": 2.30486537380652,
      "precision_f1": 0.578125,
      "recall_f1": 0.8809523809523809,
      "fpr_1pct": {
        "threshold": 3.1797698488409036,
        "tpr": 0.6845238095238095,
        "fpr": 0.009918994875185981
      },
      "fpr_5pct": {
        "threshold": 0.8137357951267264,
        "tpr": 0.9940476190476191,
        "fpr": 0.049925607538436105
      },
      "n_pos": 336,
      "n_neg": 12098
    },
    "same_turn": {
      "auroc": 0.9043766112811531,
      "pr_auc": 0.7177905230339091,
      "best_accuracy": 0.9567315425446357,
      "threshold_accuracy": 1.289067451692766,
      "precision_accuracy": 0.8146611341632088,
      "recall_accuracy": 0.5931520644511581,
      "best_f1": 0.7045929018789144,
      "threshold_f1": 0.8409063230543954,
      "precision_f1": 0.7313109425785482,
      "recall_f1": 0.6797583081570997,
      "fpr_1pct": {
        "threshold": 1.5012170578095507,
        "tpr": 0.5568982880161127,
        "fpr": 0.009964163971680796
      },
      "fpr_5pct": {
        "threshold": 0.5063660039578552,
        "tpr": 0.7381671701913394,
        "fpr": 0.049995629752644
      },
      "n_pos": 993,
      "n_neg": 11441
    },
    "turn_level": {
      "auroc": 0.9887852822580645,
      "pr_auc": 0.9559391004697682,
      "best_accuracy": 0.95662100456621,
      "threshold_accuracy": 3.2611867615573233,
      "precision_accuracy": 0.916030534351145,
      "recall_accuracy": 0.9375,
      "best_f1": 0.9266409266409266,
      "threshold_f1": 3.2611867615573233,
      "precision_f1": 0.916030534351145,
      "recall_f1": 0.9375,
      "fpr_1pct": {
        "threshold": 3.994343223174413,
        "tpr": 0.7734375,
        "fpr": 0.00967741935483871
      },
      "fpr_5pct": {
        "threshold": 3.0400740590485387,
        "tpr": 0.953125,
        "fpr": 0.04838709677419355
      },
      "n_pos": 128,
      "n_neg": 310
    },
    "clean_label": {
      "auroc": 0.9974584930554689,
      "pr_auc": 0.9051957326665332,
      "best_accuracy": 0.9913390506920269,
      "threshold_accuracy": 2.3335542954964508,
      "precision_accuracy": 0.8323863636363636,
      "recall_accuracy": 0.8720238095238095,
      "best_f1": 0.856338028169014,
      "threshold_f1": 2.075376459900504,
      "precision_f1": 0.8128342245989305,
      "recall_f1": 0.9047619047619048,
      "fpr_1pct": {
        "threshold": 1.5012170578095507,
        "tpr": 0.9642857142857143,
        "fpr": 0.009964163971680796
      },
      "fpr_5pct": {
        "threshold": 0.5063660039578552,
        "tpr": 0.9970238095238095,
        "fpr": 0.049995629752644
      },
      "n_pos": 336,
      "n_neg": 11441
    },
    "auroc": 0.9914468349746908,
    "pr_auc": 0.7030932143044364,
    "best_accuracy": 0.9822261540936142,
    "threshold_accuracy": 3.8115252196742,
    "precision_accuracy": 0.7555555555555555,
    "recall_accuracy": 0.5059523809523809,
    "best_f1": 0.6981132075471698,
    "threshold_f1": 2.30486537380652,
    "precision_f1": 0.578125,
    "recall_f1": 0.8809523809523809,
    "fpr_1pct": {
      "threshold": 3.1797698488409036,
      "tpr": 0.6845238095238095,
      "fpr": 0.009918994875185981
    },
    "fpr_5pct": {
      "threshold": 0.8137357951267264,
      "tpr": 0.9940476190476191,
      "fpr": 0.049925607538436105
    },
    "n_pos_sentences": 336,
    "n_neg_sentences": 12098
  }
}