{
  "indicator_name": "Observer Suspicion Modeling",
  "probe_type": "linear",
  "label_mode": "span",
  "reasoning_only": false,
  "reasoning_positive_only": true,
  "training_data_path": "/workspace-vast/kaiwen/persona_vectors/data_generation/probe/data/v4_v2_6_combined_v2/observer_suspicion_modeling.json",
  "n_positive_turns": 899,
  "n_negative_turns": 1836,
  "detect_layers": [
    27
  ],
  "reg_coeff": 10.0,
  "normalize": true,
  "model_name": "glm-9b-flash",
  "timestamp": "20260416_052217",
  "val_thresholds": {
    "threshold_mode": "sentence",
    "span_overlap": {
      "auroc": 0.9813638287051513,
      "pr_auc": 0.6372793883203886,
      "best_accuracy": 0.967196742721057,
      "threshold_accuracy": 3.872158331321735,
      "precision_accuracy": 0.6430062630480167,
      "recall_accuracy": 0.5460992907801419,
      "best_f1": 0.6666666666666667,
      "threshold_f1": 2.869847741667871,
      "precision_f1": 0.568039950062422,
      "recall_f1": 0.8067375886524822,
      "fpr_1pct": {
        "threshold": 4.265753371020159,
        "tpr": 0.4237588652482269,
        "fpr": 0.009957439974303381
      },
      "fpr_5pct": {
        "threshold": 1.8896577687217637,
        "tpr": 0.9414893617021277,
        "fpr": 0.04994780374207018
      },
      "n_pos": 564,
      "n_neg": 12453
    },
    "same_turn": {
      "auroc": 0.9496190558883967,
      "pr_auc": 0.8655904832741771,
      "best_accuracy": 0.9619728047937313,
      "threshold_accuracy": 1.5789040210997145,
      "precision_accuracy": 0.8997613365155132,
      "recall_accuracy": 0.754,
      "best_f1": 0.8255528255528256,
      "threshold_f1": 1.3388665359925538,
      "precision_f1": 0.8717568569310601,
      "recall_f1": 0.784,
      "fpr_1pct": {
        "threshold": 1.6447760534082723,
        "tpr": 0.744,
        "fpr": 0.009985239211600242
      },
      "fpr_5pct": {
        "threshold": 0.7115117440051917,
        "tpr": 0.8573333333333333,
        "fpr": 0.049926196058001214
      },
      "n_pos": 1500,
      "n_neg": 11517
    },
    "turn_level": {
      "auroc": 0.9860023355391203,
      "pr_auc": 0.9708557152516119,
      "best_accuracy": 0.9612546125461254,
      "threshold_accuracy": 3.16335611552414,
      "precision_accuracy": 0.9230769230769231,
      "recall_accuracy": 0.96,
      "best_f1": 0.9411764705882353,
      "threshold_f1": 3.16335611552414,
      "precision_f1": 0.9230769230769231,
      "recall_f1": 0.96,
      "fpr_1pct": {
        "threshold": 5.061625580896031,
        "tpr": 0.5828571428571429,
        "fpr": 0.008174386920980926
      },
      "fpr_5pct": {
        "threshold": 2.9655474832183435,
        "tpr": 0.9657142857142857,
        "fpr": 0.04904632152588556
      },
      "n_pos": 175,
      "n_neg": 367
    },
    "clean_label": {
      "auroc": 0.9965842969104567,
      "pr_auc": 0.9459716293820265,
      "best_accuracy": 0.9905636950583561,
      "threshold_accuracy": 2.269182337148517,
      "precision_accuracy": 0.89198606271777,
      "recall_accuracy": 0.9078014184397163,
      "best_f1": 0.9002601908065916,
      "threshold_f1": 2.1582519880975735,
      "precision_f1": 0.8811544991511036,
      "recall_f1": 0.9202127659574468,
      "fpr_1pct": {
        "threshold": 1.6447760534082723,
        "tpr": 0.9556737588652482,
        "fpr": 0.009985239211600242
      },
      "fpr_5pct": {
        "threshold": 0.7115117440051917,
        "tpr": 0.9893617021276596,
        "fpr": 0.049926196058001214
      },
      "n_pos": 564,
      "n_neg": 11517
    },
    "auroc": 0.9813638287051513,
    "pr_auc": 0.6372793883203886,
    "best_accuracy": 0.967196742721057,
    "threshold_accuracy": 3.872158331321735,
    "precision_accuracy": 0.6430062630480167,
    "recall_accuracy": 0.5460992907801419,
    "best_f1": 0.6666666666666667,
    "threshold_f1": 2.869847741667871,
    "precision_f1": 0.568039950062422,
    "recall_f1": 0.8067375886524822,
    "fpr_1pct": {
      "threshold": 4.265753371020159,
      "tpr": 0.4237588652482269,
      "fpr": 0.009957439974303381
    },
    "fpr_5pct": {
      "threshold": 1.8896577687217637,
      "tpr": 0.9414893617021277,
      "fpr": 0.04994780374207018
    },
    "n_pos_sentences": 564,
    "n_neg_sentences": 12453
  }
}