{
  "indicator_name": "Strategic Underperformance Reasoning",
  "probe_type": "linear",
  "label_mode": "span",
  "reasoning_only": false,
  "reasoning_positive_only": true,
  "training_data_path": "/workspace-vast/kaiwen/persona_vectors/data_generation/probe/data/v4_v2_6_combined_v2/strategic_underperformance_reasoning.json",
  "n_positive_turns": 827,
  "n_negative_turns": 1584,
  "detect_layers": [
    29
  ],
  "reg_coeff": 10.0,
  "normalize": true,
  "model_name": "glm-9b-flash",
  "timestamp": "20260416_060656",
  "val_thresholds": {
    "threshold_mode": "sentence",
    "span_overlap": {
      "auroc": 0.9815575003007337,
      "pr_auc": 0.7395434848291149,
      "best_accuracy": 0.9725134599036555,
      "threshold_accuracy": 4.133952115572892,
      "precision_accuracy": 0.722972972972973,
      "recall_accuracy": 0.656441717791411,
      "best_f1": 0.7014725568942435,
      "threshold_f1": 3.024143059849739,
      "precision_f1": 0.6223277909738717,
      "recall_f1": 0.803680981595092,
      "fpr_1pct": {
        "threshold": 4.410501599311829,
        "tpr": 0.5766871165644172,
        "fpr": 0.009952465834818775
      },
      "fpr_5pct": {
        "threshold": 1.3884742946769948,
        "tpr": 0.9447852760736196,
        "fpr": 0.049985145573380865
      },
      "n_pos": 652,
      "n_neg": 13464
    },
    "same_turn": {
      "auroc": 0.9414367400201733,
      "pr_auc": 0.8111491568121568,
      "best_accuracy": 0.9526069708132615,
      "threshold_accuracy": 1.851674675444762,
      "precision_accuracy": 0.8809523809523809,
      "recall_accuracy": 0.6516634050880626,
      "best_f1": 0.7570621468926553,
      "threshold_f1": 1.3636512044464817,
      "precision_f1": 0.8252501924557352,
      "recall_f1": 0.6992824527071102,
      "fpr_1pct": {
        "threshold": 1.93784091496267,
        "tpr": 0.6425309849967384,
        "fpr": 0.009934037987761265
      },
      "fpr_5pct": {
        "threshold": 0.7010559174581431,
        "tpr": 0.7886497064579256,
        "fpr": 0.04998807915441469
      },
      "n_pos": 1533,
      "n_neg": 12583
    },
    "turn_level": {
      "auroc": 0.9840401785714286,
      "pr_auc": 0.9553928602631374,
      "best_accuracy": 0.9528688524590164,
      "threshold_accuracy": 4.04073066021928,
      "precision_accuracy": 0.9239766081871345,
      "recall_accuracy": 0.9404761904761905,
      "best_f1": 0.9321533923303835,
      "threshold_f1": 4.04073066021928,
      "precision_f1": 0.9239766081871345,
      "recall_f1": 0.9404761904761905,
      "fpr_1pct": {
        "threshold": 5.2997061526164035,
        "tpr": 0.7440476190476191,
        "fpr": 0.009375
      },
      "fpr_5pct": {
        "threshold": 3.8616325619816783,
        "tpr": 0.9404761904761905,
        "fpr": 0.05
      },
      "n_pos": 168,
      "n_neg": 320
    },
    "clean_label": {
      "auroc": 0.9917044078850176,
      "pr_auc": 0.9153888903242965,
      "best_accuracy": 0.9875330562901398,
      "threshold_accuracy": 2.409555174778034,
      "precision_accuracy": 0.8775193798449612,
      "recall_accuracy": 0.8680981595092024,
      "best_f1": 0.8736842105263158,
      "threshold_f1": 2.2073931968418488,
      "precision_f1": 0.8569321533923304,
      "recall_f1": 0.8911042944785276,
      "fpr_1pct": {
        "threshold": 1.93784091496267,
        "tpr": 0.911042944785276,
        "fpr": 0.009934037987761265
      },
      "fpr_5pct": {
        "threshold": 0.7016529886380715,
        "tpr": 0.9662576687116564,
        "fpr": 0.04998807915441469
      },
      "n_pos": 652,
      "n_neg": 12583
    },
    "auroc": 0.9815575003007337,
    "pr_auc": 0.7395434848291149,
    "best_accuracy": 0.9725134599036555,
    "threshold_accuracy": 4.133952115572892,
    "precision_accuracy": 0.722972972972973,
    "recall_accuracy": 0.656441717791411,
    "best_f1": 0.7014725568942435,
    "threshold_f1": 3.024143059849739,
    "precision_f1": 0.6223277909738717,
    "recall_f1": 0.803680981595092,
    "fpr_1pct": {
      "threshold": 4.410501599311829,
      "tpr": 0.5766871165644172,
      "fpr": 0.009952465834818775
    },
    "fpr_5pct": {
      "threshold": 1.3884742946769948,
      "tpr": 0.9447852760736196,
      "fpr": 0.049985145573380865
    },
    "n_pos_sentences": 652,
    "n_neg_sentences": 13464
  }
}