{
  "indicator_name": "Self-Preserving Advocacy",
  "probe_type": "linear",
  "label_mode": "span",
  "reasoning_only": false,
  "reasoning_positive_only": true,
  "training_data_path": "/workspace-vast/kaiwen/persona_vectors/data_generation/probe/data/v4_v2_6_combined_v2/self_preserving_advocacy.json",
  "n_positive_turns": 892,
  "n_negative_turns": 2036,
  "detect_layers": [
    29
  ],
  "reg_coeff": 10.0,
  "normalize": true,
  "model_name": "glm-9b-flash",
  "timestamp": "20260416_050702",
  "val_thresholds": {
    "threshold_mode": "sentence",
    "span_overlap": {
      "auroc": 0.9823895632150429,
      "pr_auc": 0.5941614271651683,
      "best_accuracy": 0.9679310976727139,
      "threshold_accuracy": 3.82941270916612,
      "precision_accuracy": 0.6345514950166113,
      "recall_accuracy": 0.4431554524361949,
      "best_f1": 0.6548821548821548,
      "threshold_f1": 2.4011820732793283,
      "precision_f1": 0.5138705416116248,
      "recall_f1": 0.9025522041763341,
      "fpr_1pct": {
        "threshold": 3.910252470213308,
        "tpr": 0.4013921113689095,
        "fpr": 0.009920824191548222
      },
      "fpr_5pct": {
        "threshold": 1.6789770806377584,
        "tpr": 0.9675174013921114,
        "fpr": 0.0499856911189545
      },
      "n_pos": 431,
      "n_neg": 10483
    },
    "same_turn": {
      "auroc": 0.9763608851883633,
      "pr_auc": 0.899675489742343,
      "best_accuracy": 0.9730621220450797,
      "threshold_accuracy": 1.3629283365957878,
      "precision_accuracy": 0.9032258064516129,
      "recall_accuracy": 0.8257372654155496,
      "best_f1": 0.8640732265446224,
      "threshold_f1": 1.1910306326690174,
      "precision_f1": 0.8855534709193246,
      "recall_f1": 0.8436103663985701,
      "fpr_1pct": {
        "threshold": 1.4109983442286993,
        "tpr": 0.8212689901697945,
        "fpr": 0.009903011740684023
      },
      "fpr_5pct": {
        "threshold": 0.551865729148992,
        "tpr": 0.9195710455764075,
        "fpr": 0.049923430321592646
      },
      "n_pos": 1119,
      "n_neg": 9795
    },
    "turn_level": {
      "auroc": 0.9899606566273234,
      "pr_auc": 0.9713342836878456,
      "best_accuracy": 0.9761499148211243,
      "threshold_accuracy": 2.9886807717382906,
      "precision_accuracy": 0.9375,
      "recall_accuracy": 0.989010989010989,
      "best_f1": 0.9625668449197862,
      "threshold_f1": 2.9886807717382906,
      "precision_f1": 0.9375,
      "recall_f1": 0.989010989010989,
      "fpr_1pct": {
        "threshold": 4.417320529799656,
        "tpr": 0.5384615384615384,
        "fpr": 0.009876543209876543
      },
      "fpr_5pct": {
        "threshold": 2.0444417244621684,
        "tpr": 1.0,
        "fpr": 0.04938271604938271
      },
      "n_pos": 182,
      "n_neg": 405
    },
    "clean_label": {
      "auroc": 0.9976006983059922,
      "pr_auc": 0.9392596995169408,
      "best_accuracy": 0.9918834343829455,
      "threshold_accuracy": 2.0467325165003967,
      "precision_accuracy": 0.8766233766233766,
      "recall_accuracy": 0.9396751740139211,
      "best_f1": 0.9100758396533043,
      "threshold_f1": 1.6474113730100803,
      "precision_f1": 0.8536585365853658,
      "recall_f1": 0.974477958236659,
      "fpr_1pct": {
        "threshold": 1.4123702974205739,
        "tpr": 0.9860788863109049,
        "fpr": 0.009903011740684023
      },
      "fpr_5pct": {
        "threshold": 0.551865729148992,
        "tpr": 0.9976798143851509,
        "fpr": 0.049923430321592646
      },
      "n_pos": 431,
      "n_neg": 9795
    },
    "auroc": 0.9823895632150429,
    "pr_auc": 0.5941614271651683,
    "best_accuracy": 0.9679310976727139,
    "threshold_accuracy": 3.82941270916612,
    "precision_accuracy": 0.6345514950166113,
    "recall_accuracy": 0.4431554524361949,
    "best_f1": 0.6548821548821548,
    "threshold_f1": 2.4011820732793283,
    "precision_f1": 0.5138705416116248,
    "recall_f1": 0.9025522041763341,
    "fpr_1pct": {
      "threshold": 3.910252470213308,
      "tpr": 0.4013921113689095,
      "fpr": 0.009920824191548222
    },
    "fpr_5pct": {
      "threshold": 1.6789770806377584,
      "tpr": 0.9675174013921114,
      "fpr": 0.0499856911189545
    },
    "n_pos_sentences": 431,
    "n_neg_sentences": 10483
  }
}