{
  "indicator_name": "Social-Pressure Compliance",
  "probe_type": "linear",
  "label_mode": "span",
  "reasoning_only": false,
  "reasoning_positive_only": true,
  "training_data_path": "/workspace-vast/kaiwen/persona_vectors/data_generation/probe/data/v4_v2_6_combined_v2/social_pressure_compliance.json",
  "n_positive_turns": 834,
  "n_negative_turns": 2530,
  "detect_layers": [
    27
  ],
  "reg_coeff": 10.0,
  "normalize": true,
  "model_name": "glm-9b-flash",
  "timestamp": "20260416_051929",
  "val_thresholds": {
    "threshold_mode": "sentence",
    "span_overlap": {
      "auroc": 0.9773942750089539,
      "pr_auc": 0.5918904075987673,
      "best_accuracy": 0.971281390856407,
      "threshold_accuracy": 2.213890181367214,
      "precision_accuracy": 0.6312997347480106,
      "recall_accuracy": 0.43669724770642204,
      "best_f1": 0.6444605358435916,
      "threshold_f1": 1.349229029281751,
      "precision_f1": 0.5322966507177034,
      "recall_f1": 0.8165137614678899,
      "fpr_1pct": {
        "threshold": 2.1846986940751476,
        "tpr": 0.44220183486238535,
        "fpr": 0.009943276609943277
      },
      "fpr_5pct": {
        "threshold": 0.7192628136835992,
        "tpr": 0.9321100917431193,
        "fpr": 0.04998331664998332
      },
      "n_pos": 545,
      "n_neg": 14985
    },
    "same_turn": {
      "auroc": 0.9158376749778891,
      "pr_auc": 0.7385277812228783,
      "best_accuracy": 0.9377334191886671,
      "threshold_accuracy": 0.7407164352753806,
      "precision_accuracy": 0.8178104575163399,
      "recall_accuracy": 0.5736389684813754,
      "best_f1": 0.6775777414075287,
      "threshold_f1": 0.6816395697694633,
      "precision_f1": 0.7900763358778626,
      "recall_f1": 0.5931232091690545,
      "fpr_1pct": {
        "threshold": 0.9524280765690865,
        "tpr": 0.5140401146131806,
        "fpr": 0.009938338774029743
      },
      "fpr_5pct": {
        "threshold": 0.438800464913657,
        "tpr": 0.6762177650429799,
        "fpr": 0.049981864345302864
      },
      "n_pos": 1745,
      "n_neg": 13785
    },
    "turn_level": {
      "auroc": 0.9892821352626304,
      "pr_auc": 0.9571942363371031,
      "best_accuracy": 0.9639097744360903,
      "threshold_accuracy": 1.704958832859993,
      "precision_accuracy": 0.9112426035502958,
      "recall_accuracy": 0.9447852760736196,
      "best_f1": 0.9277108433734939,
      "threshold_f1": 1.704958832859993,
      "precision_f1": 0.9112426035502958,
      "recall_f1": 0.9447852760736196,
      "fpr_1pct": {
        "threshold": 2.319698463467991,
        "tpr": 0.7423312883435583,
        "fpr": 0.0099601593625498
      },
      "fpr_5pct": {
        "threshold": 1.450118278960387,
        "tpr": 0.9631901840490797,
        "fpr": 0.049800796812749
      },
      "n_pos": 163,
      "n_neg": 502
    },
    "clean_label": {
      "auroc": 0.9905530875536166,
      "pr_auc": 0.8910542255837218,
      "best_accuracy": 0.9884856943475226,
      "threshold_accuracy": 1.2433423454562824,
      "precision_accuracy": 0.8571428571428571,
      "recall_accuracy": 0.8366972477064221,
      "best_f1": 0.8484848484848485,
      "threshold_f1": 1.2064081886783242,
      "precision_f1": 0.8492647058823529,
      "recall_f1": 0.8477064220183487,
      "fpr_1pct": {
        "threshold": 0.9524280765690865,
        "tpr": 0.8807339449541285,
        "fpr": 0.009938338774029743
      },
      "fpr_5pct": {
        "threshold": 0.438800464913657,
        "tpr": 0.9577981651376147,
        "fpr": 0.049981864345302864
      },
      "n_pos": 545,
      "n_neg": 13785
    },
    "auroc": 0.9773942750089539,
    "pr_auc": 0.5918904075987673,
    "best_accuracy": 0.971281390856407,
    "threshold_accuracy": 2.213890181367214,
    "precision_accuracy": 0.6312997347480106,
    "recall_accuracy": 0.43669724770642204,
    "best_f1": 0.6444605358435916,
    "threshold_f1": 1.349229029281751,
    "precision_f1": 0.5322966507177034,
    "recall_f1": 0.8165137614678899,
    "fpr_1pct": {
      "threshold": 2.1846986940751476,
      "tpr": 0.44220183486238535,
      "fpr": 0.009943276609943277
    },
    "fpr_5pct": {
      "threshold": 0.7192628136835992,
      "tpr": 0.9321100917431193,
      "fpr": 0.04998331664998332
    },
    "n_pos_sentences": 545,
    "n_neg_sentences": 14985
  }
}