{
  "indicator_name": "Recognized-Problem Suppression",
  "probe_type": "linear",
  "label_mode": "span",
  "reasoning_only": false,
  "reasoning_positive_only": true,
  "training_data_path": "/workspace-vast/kaiwen/persona_vectors/data_generation/probe/data/v4_v2_6_combined_v2/recognized_problem_suppression.json",
  "n_positive_turns": 1006,
  "n_negative_turns": 1791,
  "detect_layers": [
    27
  ],
  "reg_coeff": 10.0,
  "normalize": true,
  "model_name": "glm-9b-flash",
  "timestamp": "20260416_053316",
  "val_thresholds": {
    "threshold_mode": "sentence",
    "span_overlap": {
      "auroc": 0.9553493225400199,
      "pr_auc": 0.5283836783844255,
      "best_accuracy": 0.9535479151426481,
      "threshold_accuracy": 3.4194195464704977,
      "precision_accuracy": 0.5910852713178295,
      "recall_accuracy": 0.41838134430727025,
      "best_f1": 0.6141078838174274,
      "threshold_f1": 2.1963390690003086,
      "precision_f1": 0.5407098121085595,
      "recall_f1": 0.710562414266118,
      "fpr_1pct": {
        "threshold": 3.906829535961151,
        "tpr": 0.262002743484225,
        "fpr": 0.009968317749787497
      },
      "fpr_5pct": {
        "threshold": 1.575554725376195,
        "tpr": 0.7942386831275721,
        "fpr": 0.04999613631094969
      },
      "n_pos": 729,
      "n_neg": 12941
    },
    "same_turn": {
      "auroc": 0.9316901821056928,
      "pr_auc": 0.7790961084169027,
      "best_accuracy": 0.9210680321872714,
      "threshold_accuracy": 1.1742097348948433,
      "precision_accuracy": 0.8385135135135136,
      "recall_accuracy": 0.5963479096588179,
      "best_f1": 0.7217155533645552,
      "threshold_f1": 0.7470468718824641,
      "precision_f1": 0.7408906882591093,
      "recall_f1": 0.703507928880346,
      "fpr_1pct": {
        "threshold": 1.8192950549112126,
        "tpr": 0.4848630466122057,
        "fpr": 0.009923203037363017
      },
      "fpr_5pct": {
        "threshold": 0.6947795728221535,
        "tpr": 0.7164824603555983,
        "fpr": 0.04996117007507119
      },
      "n_pos": 2081,
      "n_neg": 11589
    },
    "turn_level": {
      "auroc": 0.9770198490355045,
      "pr_auc": 0.9261503669185474,
      "best_accuracy": 0.9536541889483066,
      "threshold_accuracy": 2.8747319460363316,
      "precision_accuracy": 0.9009433962264151,
      "recall_accuracy": 0.9744897959183674,
      "best_f1": 0.9368932038834951,
      "threshold_f1": 2.79534944662681,
      "precision_f1": 0.8935185185185185,
      "recall_f1": 0.9846938775510204,
      "fpr_1pct": {
        "threshold": 4.8140515947687454,
        "tpr": 0.29081632653061223,
        "fpr": 0.00821917808219178
      },
      "fpr_5pct": {
        "threshold": 3.2772597007727358,
        "tpr": 0.9030612244897959,
        "fpr": 0.049315068493150684
      },
      "n_pos": 196,
      "n_neg": 365
    },
    "clean_label": {
      "auroc": 0.9774458561942224,
      "pr_auc": 0.8185786588715527,
      "best_accuracy": 0.9774314012014937,
      "threshold_accuracy": 2.029367504787186,
      "precision_accuracy": 0.8573692551505546,
      "recall_accuracy": 0.7421124828532236,
      "best_f1": 0.8002783576896312,
      "threshold_f1": 1.6303819719329478,
      "precision_f1": 0.8121468926553672,
      "recall_f1": 0.7887517146776406,
      "fpr_1pct": {
        "threshold": 1.819789746268229,
        "tpr": 0.7681755829903978,
        "fpr": 0.009923203037363017
      },
      "fpr_5pct": {
        "threshold": 0.6949505664766409,
        "tpr": 0.9272976680384087,
        "fpr": 0.04996117007507119
      },
      "n_pos": 729,
      "n_neg": 11589
    },
    "auroc": 0.9553493225400199,
    "pr_auc": 0.5283836783844255,
    "best_accuracy": 0.9535479151426481,
    "threshold_accuracy": 3.4194195464704977,
    "precision_accuracy": 0.5910852713178295,
    "recall_accuracy": 0.41838134430727025,
    "best_f1": 0.6141078838174274,
    "threshold_f1": 2.1963390690003086,
    "precision_f1": 0.5407098121085595,
    "recall_f1": 0.710562414266118,
    "fpr_1pct": {
      "threshold": 3.906829535961151,
      "tpr": 0.262002743484225,
      "fpr": 0.009968317749787497
    },
    "fpr_5pct": {
      "threshold": 1.575554725376195,
      "tpr": 0.7942386831275721,
      "fpr": 0.04999613631094969
    },
    "n_pos_sentences": 729,
    "n_neg_sentences": 12941
  }
}