{
  "indicator_name": "Recognized-Problem Suppression",
  "probe_type": "linear",
  "label_mode": "span",
  "reasoning_only": false,
  "reasoning_positive_only": true,
  "training_data_path": "probe/data/v4_v2_6_combined_v2/recognized_problem_suppression.json",
  "n_positive_turns": 1006,
  "n_negative_turns": 1791,
  "detect_layers": [
    23
  ],
  "reg_coeff": 10.0,
  "normalize": true,
  "model_name": "qwen-35b",
  "timestamp": "20260616_193427",
  "val_thresholds": {
    "threshold_mode": "sentence",
    "span_overlap": {
      "auroc": 0.958861935927274,
      "pr_auc": 0.5330311234070986,
      "best_accuracy": 0.957593821975342,
      "threshold_accuracy": 2.6355076012753393,
      "precision_accuracy": 0.568241469816273,
      "recall_accuracy": 0.5931506849315068,
      "best_f1": 0.6129753914988815,
      "threshold_f1": 1.9646262155084186,
      "precision_f1": 0.5179584120982986,
      "recall_f1": 0.7506849315068493,
      "fpr_1pct": {
        "threshold": 3.4985300801017067,
        "tpr": 0.30547945205479454,
        "fpr": 0.009977194982896237
      },
      "fpr_5pct": {
        "threshold": 1.4820493427770478,
        "tpr": 0.8082191780821918,
        "fpr": 0.04995724059293045
      },
      "n_pos": 730,
      "n_neg": 14032
    },
    "same_turn": {
      "auroc": 0.9290976321679949,
      "pr_auc": 0.7565679703280455,
      "best_accuracy": 0.9219617937948787,
      "threshold_accuracy": 1.3067066793640456,
      "precision_accuracy": 0.8278052223006351,
      "recall_accuracy": 0.5636713118692936,
      "best_f1": 0.6891480730223123,
      "threshold_f1": 0.9032615435951286,
      "precision_f1": 0.7294685990338164,
      "recall_f1": 0.6530514175876982,
      "fpr_1pct": {
        "threshold": 1.8345813487515306,
        "tpr": 0.4723690533397405,
        "fpr": 0.0099361249112846
      },
      "fpr_5pct": {
        "threshold": 0.7917470825993299,
        "tpr": 0.6785199423354157,
        "fpr": 0.04999605709328917
      },
      "n_pos": 2081,
      "n_neg": 12681
    },
    "turn_level": {
      "auroc": 0.9775510204081632,
      "pr_auc": 0.9266907690609572,
      "best_accuracy": 0.9554367201426025,
      "threshold_accuracy": 2.6659327653207274,
      "precision_accuracy": 0.9014084507042254,
      "recall_accuracy": 0.9795918367346939,
      "best_f1": 0.9391727493917276,
      "threshold_f1": 2.57613205737011,
      "precision_f1": 0.8976744186046511,
      "recall_f1": 0.9846938775510204,
      "fpr_1pct": {
        "threshold": 4.441619625458351,
        "tpr": 0.2653061224489796,
        "fpr": 0.00821917808219178
      },
      "fpr_5pct": {
        "threshold": 2.9187831327832976,
        "tpr": 0.9285714285714286,
        "fpr": 0.049315068493150684
      },
      "n_pos": 196,
      "n_neg": 365
    },
    "clean_label": {
      "auroc": 0.9786144301743629,
      "pr_auc": 0.8085791510371992,
      "best_accuracy": 0.9780031317575125,
      "threshold_accuracy": 1.9567818445269414,
      "precision_accuracy": 0.8290468986384266,
      "recall_accuracy": 0.7506849315068493,
      "best_f1": 0.787922358015816,
      "threshold_f1": 1.9567818445269414,
      "precision_f1": 0.8290468986384266,
      "recall_f1": 0.7506849315068493,
      "fpr_1pct": {
        "threshold": 1.8350625191674088,
        "tpr": 0.7589041095890411,
        "fpr": 0.0099361249112846
      },
      "fpr_5pct": {
        "threshold": 0.7917470825993299,
        "tpr": 0.910958904109589,
        "fpr": 0.04999605709328917
      },
      "n_pos": 730,
      "n_neg": 12681
    },
    "auroc": 0.958861935927274,
    "pr_auc": 0.5330311234070986,
    "best_accuracy": 0.957593821975342,
    "threshold_accuracy": 2.6355076012753393,
    "precision_accuracy": 0.568241469816273,
    "recall_accuracy": 0.5931506849315068,
    "best_f1": 0.6129753914988815,
    "threshold_f1": 1.9646262155084186,
    "precision_f1": 0.5179584120982986,
    "recall_f1": 0.7506849315068493,
    "fpr_1pct": {
      "threshold": 3.4985300801017067,
      "tpr": 0.30547945205479454,
      "fpr": 0.009977194982896237
    },
    "fpr_5pct": {
      "threshold": 1.4820493427770478,
      "tpr": 0.8082191780821918,
      "fpr": 0.04995724059293045
    },
    "n_pos_sentences": 730,
    "n_neg_sentences": 14032
  }
}