{
  "indicator_name": "Fabrication",
  "probe_type": "linear",
  "label_mode": "span",
  "reasoning_only": false,
  "reasoning_positive_only": true,
  "training_data_path": "probe/data/v4_v2_6_combined_v2/fabrication.json",
  "n_positive_turns": 941,
  "n_negative_turns": 1843,
  "detect_layers": [
    23
  ],
  "reg_coeff": 10.0,
  "normalize": true,
  "model_name": "qwen-35b",
  "timestamp": "20260616_185321",
  "val_thresholds": {
    "threshold_mode": "sentence",
    "span_overlap": {
      "auroc": 0.9765734338278842,
      "pr_auc": 0.5082389950968637,
      "best_accuracy": 0.9743139757498405,
      "threshold_accuracy": 3.6173190041592247,
      "precision_accuracy": 0.63,
      "recall_accuracy": 0.1810344827586207,
      "best_f1": 0.553191489361702,
      "threshold_f1": 1.5560913928349813,
      "precision_f1": 0.4272300469483568,
      "recall_f1": 0.7844827586206896,
      "fpr_1pct": {
        "threshold": 2.872575062297588,
        "tpr": 0.3735632183908046,
        "fpr": 0.009927797833935019
      },
      "fpr_5pct": {
        "threshold": 0.9698969271996289,
        "tpr": 0.896551724137931,
        "fpr": 0.04996718083360683
      },
      "n_pos": 348,
      "n_neg": 12188
    },
    "same_turn": {
      "auroc": 0.9440646306134239,
      "pr_auc": 0.7710049882565553,
      "best_accuracy": 0.9492661135928526,
      "threshold_accuracy": 0.9204128938383804,
      "precision_accuracy": 0.7935349322210636,
      "recall_accuracy": 0.6346955796497081,
      "best_f1": 0.7084837545126353,
      "threshold_f1": 0.8383532584105667,
      "precision_f1": 0.7718780727630286,
      "recall_f1": 0.6547122602168474,
      "fpr_1pct": {
        "threshold": 1.2483463171429885,
        "tpr": 0.5429524603836531,
        "fpr": 0.009967363500044103
      },
      "fpr_5pct": {
        "threshold": 0.4975770971737802,
        "tpr": 0.7656380316930775,
        "fpr": 0.049925024256858075
      },
      "n_pos": 1199,
      "n_neg": 11337
    },
    "turn_level": {
      "auroc": 0.9862118803295273,
      "pr_auc": 0.9678092764682057,
      "best_accuracy": 0.9588550983899821,
      "threshold_accuracy": 1.8240972032340674,
      "precision_accuracy": 0.8894230769230769,
      "recall_accuracy": 1.0,
      "best_f1": 0.9414758269720102,
      "threshold_f1": 1.8240972032340674,
      "precision_f1": 0.8894230769230769,
      "recall_f1": 1.0,
      "fpr_1pct": {
        "threshold": 3.314786952002007,
        "tpr": 0.5837837837837838,
        "fpr": 0.008021390374331552
      },
      "fpr_5pct": {
        "threshold": 2.166166643437358,
        "tpr": 0.9513513513513514,
        "fpr": 0.0481283422459893
      },
      "n_pos": 185,
      "n_neg": 374
    },
    "clean_label": {
      "auroc": 0.9919617790998652,
      "pr_auc": 0.847573866219878,
      "best_accuracy": 0.9875053487376979,
      "threshold_accuracy": 1.6139651526778525,
      "precision_accuracy": 0.8005952380952381,
      "recall_accuracy": 0.7729885057471264,
      "best_f1": 0.7890173410404624,
      "threshold_f1": 1.5560913928349813,
      "precision_f1": 0.7936046511627907,
      "recall_f1": 0.7844827586206896,
      "fpr_1pct": {
        "threshold": 1.2507415758998026,
        "tpr": 0.8419540229885057,
        "fpr": 0.009967363500044103
      },
      "fpr_5pct": {
        "threshold": 0.4977467215247452,
        "tpr": 0.9712643678160919,
        "fpr": 0.049925024256858075
      },
      "n_pos": 348,
      "n_neg": 11337
    },
    "auroc": 0.9765734338278842,
    "pr_auc": 0.5082389950968637,
    "best_accuracy": 0.9743139757498405,
    "threshold_accuracy": 3.6173190041592247,
    "precision_accuracy": 0.63,
    "recall_accuracy": 0.1810344827586207,
    "best_f1": 0.553191489361702,
    "threshold_f1": 1.5560913928349813,
    "precision_f1": 0.4272300469483568,
    "recall_f1": 0.7844827586206896,
    "fpr_1pct": {
      "threshold": 2.872575062297588,
      "tpr": 0.3735632183908046,
      "fpr": 0.009927797833935019
    },
    "fpr_5pct": {
      "threshold": 0.9698969271996289,
      "tpr": 0.896551724137931,
      "fpr": 0.04996718083360683
    },
    "n_pos_sentences": 348,
    "n_neg_sentences": 12188
  }
}