{
  "indicator_name": "Self-Preservation Rationalization",
  "probe_type": "linear",
  "label_mode": "span",
  "reasoning_only": false,
  "reasoning_positive_only": true,
  "training_data_path": "probe/data/v4_v2_6_combined_v2/self_preservation_rationalization.json",
  "n_positive_turns": 982,
  "n_negative_turns": 2447,
  "detect_layers": [
    25
  ],
  "reg_coeff": 10.0,
  "normalize": true,
  "model_name": "qwen-35b",
  "timestamp": "20260616_200014",
  "val_thresholds": {
    "threshold_mode": "sentence",
    "span_overlap": {
      "auroc": 0.9819818306144378,
      "pr_auc": 0.4445771855064818,
      "best_accuracy": 0.9768396956843736,
      "threshold_accuracy": 3.4918298302912243,
      "precision_accuracy": 0.68,
      "recall_accuracy": 0.04815864022662889,
      "best_f1": 0.55,
      "threshold_f1": 1.7755010793251649,
      "precision_f1": 0.40852819807427787,
      "recall_f1": 0.8413597733711048,
      "fpr_1pct": {
        "threshold": 2.645186174856989,
        "tpr": 0.3286118980169972,
        "fpr": 0.01
      },
      "fpr_5pct": {
        "threshold": 0.9701743873122792,
        "tpr": 0.9858356940509915,
        "fpr": 0.05
      },
      "n_pos": 353,
      "n_neg": 14500
    },
    "same_turn": {
      "auroc": 0.9716399437206881,
      "pr_auc": 0.884377394211721,
      "best_accuracy": 0.9734733723826836,
      "threshold_accuracy": 0.8771842394231094,
      "precision_accuracy": 0.900355871886121,
      "recall_accuracy": 0.7820710973724884,
      "best_f1": 0.8407541115122343,
      "threshold_f1": 0.789445876573714,
      "precision_f1": 0.8740617180984154,
      "recall_f1": 0.8098918083462133,
      "fpr_1pct": {
        "threshold": 0.8387048684459713,
        "tpr": 0.7913446676970634,
        "fpr": 0.009956486466553581
      },
      "fpr_5pct": {
        "threshold": 0.4143389503604599,
        "tpr": 0.8995363214837713,
        "fpr": 0.0499299358359761
      },
      "n_pos": 1294,
      "n_neg": 13559
    },
    "turn_level": {
      "auroc": 0.9909732773259451,
      "pr_auc": 0.9718728031989378,
      "best_accuracy": 0.9700854700854701,
      "threshold_accuracy": 1.4988643948096376,
      "precision_accuracy": 0.9128440366972477,
      "recall_accuracy": 0.9900497512437811,
      "best_f1": 0.9498806682577566,
      "threshold_f1": 1.4988643948096376,
      "precision_f1": 0.9128440366972477,
      "recall_f1": 0.9900497512437811,
      "fpr_1pct": {
        "threshold": 2.555213562217176,
        "tpr": 0.6915422885572139,
        "fpr": 0.00998003992015968
      },
      "fpr_5pct": {
        "threshold": 1.1540246435574124,
        "tpr": 0.9950248756218906,
        "fpr": 0.0499001996007984
      },
      "n_pos": 201,
      "n_neg": 501
    },
    "clean_label": {
      "auroc": 0.9986561720500918,
      "pr_auc": 0.9363263412433204,
      "best_accuracy": 0.9947527314548591,
      "threshold_accuracy": 1.297124663988749,
      "precision_accuracy": 0.8589743589743589,
      "recall_accuracy": 0.9490084985835694,
      "best_f1": 0.9025367156208277,
      "threshold_f1": 1.2459627278149128,
      "precision_f1": 0.8535353535353535,
      "recall_f1": 0.9575070821529745,
      "fpr_1pct": {
        "threshold": 0.8387048684459713,
        "tpr": 0.9943342776203966,
        "fpr": 0.009956486466553581
      },
      "fpr_5pct": {
        "threshold": 0.4143389503604599,
        "tpr": 1.0,
        "fpr": 0.0499299358359761
      },
      "n_pos": 353,
      "n_neg": 13559
    },
    "auroc": 0.9819818306144378,
    "pr_auc": 0.4445771855064818,
    "best_accuracy": 0.9768396956843736,
    "threshold_accuracy": 3.4918298302912243,
    "precision_accuracy": 0.68,
    "recall_accuracy": 0.04815864022662889,
    "best_f1": 0.55,
    "threshold_f1": 1.7755010793251649,
    "precision_f1": 0.40852819807427787,
    "recall_f1": 0.8413597733711048,
    "fpr_1pct": {
      "threshold": 2.645186174856989,
      "tpr": 0.3286118980169972,
      "fpr": 0.01
    },
    "fpr_5pct": {
      "threshold": 0.9701743873122792,
      "tpr": 0.9858356940509915,
      "fpr": 0.05
    },
    "n_pos_sentences": 353,
    "n_neg_sentences": 14500
  }
}